,name,lanes,width,latitude,longitude,vehicles,trucks,limit,speed,type
0,ALBERT ROAD,4,15.4125,-37.5925103333,145.252029333,7525.0,490.833333333,60.0,58.6816488631,Road
1,ANDERSON ROAD,3,14.09,-37.7836798333,144.82775,7791.66666667,639.166666667,60.0,61.0720052129,Road
2,ANGLESEA ROAD,1,9.36268656716,-38.2767183333,144.2715955,4266.66666667,271.666666667,95.0,96.3342443096,Road
3,ARARAT-HALLS GAP ROAD,2,9.77,-37.216736,142.663978,277.5,40.0,80.2298850575,91.1541663418,Road
4,ARARAT-STAWELL ROAD,2,11.8181818182,-37.07338375,142.79018025,922.5,70.0,84.8421052632,75.2243157638,Road
5,AUBURN ROAD,3,12.1909090909,-37.82595875,145.044398,9125.0,537.5,60.0,51.9672916134,Road
6,AVENEL-NAGAMBIE ROAD,2,7.61739130435,-36.87005,145.178138,215.0,15.0,100.0,91.3948861026,Road
7,AYRESFORD ROAD,2,6.92666666667,-38.3787205,142.866136,170.0,25.0,100.0,96.4225572401,Road
8,BACCHUS MARSH ROAD,2,9.67419354839,-37.828955,144.393078,6390.0,384.0,100.0,63.5880208015,Road
9,BACCHUS MARSH-GISBORNE ROAD,2,9.61710526316,-37.515548,144.478225,1700.0,180.0,100.0,94.983333273,Road
10,BACK BEACH ROAD,2,9.5,-38.3995234167,144.930573417,2416.66666667,185.0,78.1395348837,82.3094476426,Road
11,BALACLAVA ROAD,3,14.4333333333,-37.6847785,145.0742795,4250.0,291.875,60.0,58.3218749761,Road
12,BALLAN-DAYLESFORD ROAD,2,8.92894736842,-37.5507346667,144.184018667,1550.0,158.333333333,80.0,85.2518419768,Road
13,BALLARAT-BURRUMBEET ROAD,2,10.8147887324,-37.5596219091,143.895527182,7209.09090909,641.818181818,80.0,82.5140625239,Road
14,BALLARAT-CARNGHAM ROAD,2,9.87857142857,-37.56398,143.751077,2575.0,230.0,100.0,102.272915879,Road
15,BALLARAT-MARYBOROUGH ROAD,2,9.40060240964,-37.2219723333,143.728136,1495.83333333,194.166666667,94.9473684211,93.9955913924,Road
16,BALWYN ROAD,2,9.525,-37.810973,145.08171475,7100.0,222.5,60.0,54.0630206668,Road
17,BARKERS ROAD,3,13.219047619,-37.8144078,145.0343768,10220.0,667.0,60.0,58.8776041667,Road
18,BARKLY STREET,2,12.7272727273,-37.7784863235,144.644906029,4741.17647059,448.4375,57.4869109948,54.7868716404,Street
19,BARRABOOL ROAD,1,6.46136363636,-38.1691695217,144.311251,5717.39130435,367.391304348,60.0,58.5502604645,Road
20,BARRY ROAD,3,11.0324324324,-38.0073936667,145.421190667,7553.33333333,526.666666667,100.0,92.2925592157,Road
21,BARWON HEADS ROAD,2,10.1426086957,-38.18491625,144.355898,8050.0,510.0,60.0,64.3291667304,Road
22,BASS HIGHWAY,2,9.91538461538,-38.5019026,145.629065,3850.0,403.0,95.5555555556,94.6973953503,Highway
23,BAY STREET,2,7.40357142857,-37.8830558333,144.979072667,6108.33333333,627.5,60.0,41.5624999996,Street
24,BEACH ROAD,3,10.2777777778,-37.967117625,144.983380375,7425.0,308.75,60.0,63.6337263981,Road
25,BEACONSFIELD-EMERALD ROAD,2,8.04146341463,-37.9900326667,145.422662833,2358.33333333,166.666666667,100.0,84.5547659004,Road
26,BEECH FOREST ROAD,2,6.38,-38.504413,143.552263,535.0,50.0,100.0,88.6078803022,Road
27,BEECHWORTH-CHILTERN ROAD,2,6.91923076923,-36.1784336,146.613431,375.0,30.0,100.0,86.8713888804,Road
28,BEECHWORTH-WANGARATTA ROAD,2,9.22923076923,-36.3834905,146.6202695,1050.0,75.0,80.0,80.0498173223,Road
29,BEECHWORTH-WODONGA ROAD,2,8.39112903226,-36.315831,146.711867,1575.0,117.5,93.3333333333,96.1250865992,Road
30,BELGRAVE-GEMBROOK ROAD,2,7.60632911392,-37.9207399,145.415511,6165.0,448.0,73.3333333333,67.3938889435,Road
31,BELGRAVE-HALLAM ROAD,2,9.91538461538,-37.9805813913,145.300997174,8943.47826087,460.434782609,60.0,78.4048826892,Road
32,BENALLA-YARRAWONGA ROAD,1,7.22481203008,-36.12762625,145.985758,1125.0,125.0,90.0,93.5148431442,Road
33,BENAMBRA ROAD,2,6.55714285714,-37.013644,147.654408,145.0,25.0,100.0,71.539999914,Road
34,BENAMBRA-CORRYONG ROAD,2,6.20769230769,-36.7627495,147.740903,10.0,0.0,60.0,85.7407502493,Road
35,BENDIGO-MALDON ROAD,2,8.15,-36.930252,144.131228,1250.0,125.0,100.0,92.7747396627,Road
36,BENDIGO-MURCHISON ROAD,2,8.30782608696,-36.5963571667,144.847383167,528.333333333,88.3333333333,95.0,94.8133148594,Road
37,BENDIGO-PYRAMID ROAD,2,7.70909090909,-36.35882225,144.1983875,353.75,40.0,96.1860465116,95.8820167353,Road
38,BENDIGO-REDESDALE ROAD,1,8.00703517588,-36.8548545,144.506751,420.0,90.0,100.0,96.1465419997,Road
39,BENDIGO-TENNYSON ROAD,2,7.17096774194,-36.403183,144.378293667,178.333333333,23.3333333333,89.7727272727,99.9846284128,Road
40,BENGWORDEN ROAD,2,6.978125,-38.053362,147.149063,450.0,50.0,100.0,98.4004300414,Road
41,BERWICK-CRANBOURNE ROAD,2,9.56084337349,-38.098319,145.324648333,7350.0,810.0,100.0,93.5730469615,Road
42,BIRCHIP-SEA LAKE ROAD,1,7.43623188406,-35.78048,142.858631,65.0,10.0,100.0,96.0087497705,Road
43,BIRCHIP-WYCHEPROOF ROAD,2,7.16551724138,-36.0284695,143.0857845,190.0,27.5,100.0,94.065095921,Road
44,BIRREGURRA ROAD,2,7.08888888889,-38.313447,143.792627,160.0,20.0,100.0,83.3468022898,Road
45,BIRREGURRA-DEANS MARSH ROAD,2,7.72307692308,-38.3672995,143.808913,332.5,30.0,100.0,97.6878046166,Road
46,BIRREGURRA-FORREST ROAD,2,6.796875,-38.478847,143.7445595,380.0,25.0,100.0,90.2034371856,Road
47,BLACKBURN ROAD,2,8.93045454545,-37.84402825,145.15275055,11912.5,932.5,65.0,61.5721483032,Road
48,BLACKSHAWS ROAD,2,11.5434782609,-37.832845,144.86062725,4550.0,311.25,60.0,58.2458333571,Road
49,BLOOMFIELD ROAD,2,7.57391304348,-38.105876,145.974265,1200.0,130.0,100.0,92.7919271773,Road
50,BOGONG HIGH PLAINS ROAD,2,8.72553191489,-36.8364535,147.25614,2000.0,250.0,100.0,66.5601352228,Road
51,BONEGILLA ROAD,2,9.196,-36.1144,147.012452,870.0,80.0,100.0,82.8437499202,Road
52,BOORT-KERANG ROAD,2,7.71666666667,-36.0106605,143.7548895,325.0,40.0,100.0,82.8519444787,Road
53,BOORT-MITIAMO ROAD,2,7.71363636364,-36.210982,144.113706,137.5,32.5,100.0,102.046128495,Road
54,BOORT-PYRAMID ROAD,2,8.00476190476,-36.1195543333,143.773215667,695.0,83.3333333333,90.3225806452,93.6895285142,Road
55,BOORT-WEDDERBURN ROAD,2,7.06129032258,-36.297918,143.736588,140.0,5.0,100.0,88.539743619,Road
56,BOORT-WYCHEPROOF ROAD,2,7.46440677966,-36.076987,143.485698,110.0,15.0,100.0,92.4508330036,Road
57,BORONIA ROAD,2,8.61434599156,-37.851841625,145.2411535,13293.75,622.5,60.0,62.6715364848,Road
58,BORUNG HIGHWAY,2,7.59310344828,-36.3010189167,142.7802205,409.583333333,84.5833333333,98.5889570552,97.5448228894,Highway
59,BOUNDARY ROAD,2,9.15901639344,-37.9018845,144.773857484,8147.5,1020.625,65.0261780105,61.3809620624,Road
60,BRANDY CREEK ROAD,2,8.58888888889,-38.12177425,145.92998625,2300.0,100.0,80.0,77.7276041704,Road
61,BREAKWATER ROAD,2,11.42,-38.178313,144.362095,9116.66666667,808.333333333,60.0,62.7377604644,Road
62,BRIAGOLONG ROAD,2,9.77222222222,-37.903242,147.075661,485.0,25.0,100.0,101.369002376,Road
63,BRIDGE ROAD,3,11.8,-37.819023,145.003939833,10516.6666667,510.0,60.0,42.7074219188,Road
64,BRIDGEWATER ROAD,2,7.31851851852,-38.3435193333,141.549729667,395.0,30.0,100.0,90.4695313382,Road
65,BRIDGEWATER-DUNOLLY ROAD,2,7.228125,-36.7465975,143.83465625,192.5,26.25,93.3834586466,78.6839285393,Road
66,BRIDGEWATER-MALDON ROAD,2,7.54558823529,-36.7467118,143.9362888,268.0,46.0,92.1777777778,90.3651272578,Road
67,BRIDGEWATER-SERPENTINE ROAD,2,7.812,-36.505628,143.953046,650.0,175.0,100.0,100.880075411,Road
68,BRIGHT-TAWONGA ROAD,2,7.27857142857,-36.712843,147.101019,395.0,35.0,100.0,84.7210107357,Road
69,BROADFORD-KILMORE ROAD,2,10.6481481481,-37.239484,144.991845,2550.0,250.0,60.0,90.5489584614,Road
70,BROADWAY,1,5.99210526316,-36.9232514286,143.881976714,2856.42857143,242.5,86.4788732394,50.762764138,Road
71,BRODRIBB ROAD,2,7.68888888889,-38.277635,146.399478,1050.0,90.0,100.0,76.1264623886,Road
72,BRUNSWICK ROAD,2,10.0303030303,-37.775858,144.951030286,10457.1428571,603.571428571,60.0,41.810260435,Road
73,BRUNSWICK STREET,3,14.3333333333,-37.7992425714,144.978310286,5857.14285714,620.0,60.0,40.5375001034,Street
74,BUCHAN ROAD,2,7.53636363636,-37.720634,147.888087,1175.0,195.0,100.0,97.179322123,Road
75,BUCKLAND GAP ROAD,2,6.81785714286,-36.3993745,146.693546,510.0,35.0,100.0,88.9013584392,Road
76,BUCKLEY STREET,2,9.96857142857,-37.77346075,144.900123625,8000.0,693.75,60.0,51.2312500278,Street
77,BUFFALO RIVER ROAD,2,7.46274509804,-36.64089,146.694244,1000.0,80.0,100.0,72.5000001221,Road
78,BULLEEN ROAD,3,11.8166666667,-37.7762432,145.0790084,10470.0,736.0,70.0,69.4479166667,Road
79,BUNGAREE-CRESWICK ROAD,2,7.24333333333,-37.542257,143.980313,175.0,35.0,95.0,101.061335849,Road
80,BYRNESIDE-KYABRAM ROAD,2,9.22027027027,-36.3489615,145.113262,987.5,100.0,100.0,97.0740613909,Road
81,CALDER ALTERNATIVE HIGHWAY,2,11.3267241379,-36.8031785,144.15293425,1787.5,370.0,93.3333333333,88.2813538302,Highway
82,CALDER HIGHWAY,2,10.937653737,-36.1275714167,143.483385952,1657.73809524,232.619047619,94.3293492696,91.861894842,Highway
83,CAMPERDOWN-COBDEN ROAD,2,8.85,-38.300909,143.10239,1225.0,122.5,100.0,99.5572911476,Road
84,CANTERBURY ROAD,2,9.24197530864,-37.82993412,145.16731716,15002.0,874.6,63.3333333333,67.1408154765,Road
85,CARDINIA ROAD,2,10.1941176471,-38.0832161667,145.433137333,4850.0,346.666666667,60.0,73.9022004605,Road
86,CARRAJUNG-WOODSIDE ROAD,2,6.44,-38.442369,146.824266,125.0,10.0,100.0,94.7749996644,Road
87,CASTLEMAINE-MALDON ROAD,2,8.02105263158,-37.04206,144.122801,865.0,70.0,80.0,95.150371024,Road
88,CENTRE DANDENONG ROAD,2,9.09310344828,-37.9735571667,145.108122167,7875.0,551.666666667,60.0,59.1688021418,Road
89,CENTRE ROAD,3,11.7256410256,-37.9094097895,145.079655421,7984.21052632,595.555555556,60.0,58.3959505609,Road
90,CHAPEL STREET,3,13.68,-37.6244807895,144.843520842,6842.10526316,723.684210526,60.0,48.5742361613,Street
91,CHILTERN-HOWLONG ROAD,2,7.6243902439,-36.0449273333,146.619909667,423.333333333,55.0,87.4285714286,91.3440087169,Road
92,CHILTERN-RUTHERGLEN ROAD,2,7.79428571429,-36.100319,146.534251,385.0,35.0,100.0,95.2558138645,Road
93,CLARENDON STREET,4,18.6590909091,-37.8264703333,144.964820778,6866.66666667,507.142857143,50.0,38.166093687,Street
94,CLEGG ROAD,2,9.545,-37.782707,145.408762,5350.0,370.0,60.0,70.7205208536,Road
95,CLUNES-CRESWICK ROAD,2,7.16538461538,-37.323814,143.818286,862.5,72.5,89.8947368421,76.2267097856,Road
96,CLYDE-FIVE WAYS ROAD,2,8.62,-38.1421673333,145.32234,2950.0,400.0,80.0,88.2089580686,Road
97,COBDEN-PORT CAMPBELL ROAD,2,7.46875,-38.4829135,143.04296725,422.5,45.0,100.0,94.9392164349,Road
98,COBDEN-TERANG ROAD,2,9.58507462687,-38.263152,142.955594,315.0,45.0,100.0,100.427127433,Road
99,COBDEN-WARRNAMBOOL ROAD,2,8.64722222222,-38.398949,142.8613715,985.0,165.0,100.0,101.587499359,Road
100,COBRAM-KOONOOMOO ROAD,2,10.4,-35.9123703333,145.626306667,1400.0,118.333333333,80.0,83.5188801889,Road
101,COHUNA-KOONDROOK ROAD,2,8.74814814815,-35.7642755,144.1854125,610.0,110.0,100.0,100.724562269,Road
102,COHUNA-LEITCHVILLE ROAD,1,7.60869565217,-35.867671,144.224768,410.0,50.0,100.0,99.3995905119,Road
103,COLAC-BALLARAT ROAD,2,7.29884393064,-38.0275995,143.677229333,834.166666667,105.0,94.8936170213,88.7867018617,Road
104,COLAC-FORREST ROAD,2,8.63970588235,-38.4591715,143.706486,317.5,32.5,89.7727272727,81.7612217123,Road
105,COLERAINE-BALMORAL ROAD,2,6.1880952381,-37.3407115,141.8047045,65.0,10.0,95.0,97.8499993093,Road
106,COLERAINE-EDENHOPE ROAD,2,6.678125,-37.2812512,141.5634484,111.0,21.0,100.0,96.0492963303,Road
107,COLERAINE-MERINO ROAD,2,7.44285714286,-37.6705095,141.648157,252.5,22.5,100.0,94.2202203988,Road
108,COMBIENBAR ROAD,1,5.94210526316,-37.480711,148.924319,50.0,10.0,100.0,73.7407349128,Road
109,COMMERCIAL ROAD,3,18.16,-38.1579093125,145.794806781,3487.8125,230.625,63.3333333333,57.2459591925,Road
110,CONDAH-COLERAINE ROAD,2,7.55151515152,-37.8006135,141.7107405,97.5,22.5,100.0,99.395121341,Road
111,COOLART ROAD,2,7.09230769231,-38.2936322222,145.148015667,3294.44444444,225.0,90.0,88.0994271436,Road
112,COOPER STREET,2,7.57155172414,-37.6492608571,144.999496929,15050.0,1775.0,70.0,60.1414845581,Street
113,CORINELLA ROAD,2,6.82307692308,-38.4271275,145.4680475,660.0,30.0,80.0,82.2838540867,Road
114,COTHAM ROAD,3,13.7666666667,-37.8079016667,145.039742667,7033.33333333,451.666666667,60.0,52.4562500119,Road
115,CRAIGIEBURN ROAD,2,9.7602739726,-37.5988123333,144.939380778,3766.66666667,332.777777778,63.3333333333,64.7623349957,Road
116,CRESWICK-NEWSTEAD ROAD,2,7.18275862069,-37.245621,143.938997,1000.0,130.0,60.0,50.7925531304,Road
117,CUDGEWA-TINTALDRA ROAD,2,6.77368421053,-36.134516,147.827475,85.0,10.0,100.0,94.9015621668,Road
118,DARTMOUTH ROAD,2,7.17058823529,-36.511944,147.443195,85.0,0.0,100.0,79.930405385,Road
119,DAWSON STREET,5,25.0,-37.7956259,144.2037461,4383.0,420.0,60.0,53.5138020719,Street
120,DAYLESFORD-TRENTHAM ROAD,2,8.58,-37.396787,144.246823,1400.0,110.0,80.0,83.9846352736,Road
121,DEANS MARSH-LORNE ROAD,2,7.29,-38.465497,143.937221,370.0,40.0,100.0,88.7514532226,Road
122,DEDERANG ROAD,2,7.04615384615,-36.329216,146.8551445,815.0,95.0,80.0,99.983592866,Road
123,DEVON ROAD,2,8.5125,-38.190931,144.221685,215.0,10.0,100.0,102.498123501,Road
124,DIGGERS REST-COIMADAI ROAD,2,9.23409090909,-37.6235426667,144.669668667,1096.66666667,140.0,100.0,85.5340104898,Road
125,DIMBOOLA ROAD,2,6.72307692308,-36.908675,142.926131333,2783.33333333,593.333333333,60.0,61.5978124535,Road
126,DIMBOOLA-RAINBOW ROAD,2,8.55844155844,-36.164214,142.0154852,391.0,46.0,89.3902439024,91.6777432946,Road
127,DOCKLANDS HIGHWAY,2,10.5524590164,-37.8089981667,144.921513167,13066.6666667,1443.33333333,60.0,62.1184713046,Highway
128,DOHERTYS ROAD,1,6.99130434783,-37.8283888333,144.789371167,5491.66666667,791.666666667,85.0,84.2916141251,Road
129,DONALD-STAWELL ROAD,2,7.21846153846,-36.6713416667,142.845258333,200.0,40.0,100.0,98.5745419291,Road
130,DONALD-SWAN HILL ROAD,2,7.43636363636,-35.90549725,143.22503625,130.0,27.5,100.0,97.6651623678,Road
131,DONNYBROOK ROAD,2,9.222,-37.543615375,144.978249375,1812.5,157.5,60.0,94.6735149247,Road
132,DOOKIE-DEVENISH ROAD,2,6.65333333333,-36.352145,145.790495,205.0,20.0,100.0,99.1415750676,Road
133,DOOKIE-NALINGA ROAD,2,6.67222222222,-36.351558,145.711364,160.0,22.5,82.1176470588,96.2407349541,Road
134,DORSET ROAD,2,8.93240223464,-37.811071,145.2897637,10470.0,741.5,63.3333333333,66.2141343156,Road
135,DROUIN-KORUMBURRA ROAD,2,7.28636363636,-38.254679,145.778294,445.0,55.0,100.0,103.113564805,Road
136,DRUMMOND STREET,2,13.28125,-37.3412593333,144.468659667,6091.66666667,309.166666667,60.0,53.1985242497,Street
137,DRYBURGH STREET,2,8.01428571429,-37.8032486667,144.943448,5983.33333333,573.333333333,60.0,53.0880798501,Street
138,DUNKELD-CAVENDISH ROAD,2,6.52,-37.581152,142.18264,135.0,20.0,100.0,98.623124219,Road
139,ECHUCA-MITIAMO ROAD,2,7.38888888889,-36.1994763333,144.463580667,263.333333333,53.3333333333,100.0,98.9156327424,Road
140,ECHUCA-MOOROOPNA ROAD,2,9.59596774194,-36.3286688,145.2854632,2065.0,214.0,100.0,97.617621196,Road
141,EDENHOPE-PENOLA ROAD,2,6.98181818182,-37.1053406667,141.064483333,111.666666667,36.6666666667,90.0,89.7876383452,Road
142,EDGARS ROAD,2,7.51120689655,-37.7238478333,144.919097167,9850.0,847.5,70.0,65.5532550616,Road
143,EDGECOMBE ROAD,2,7.94,-37.241295375,144.464231,2050.0,260.0,60.0,64.3109374843,Road
144,ELEVENTH STREET,1,8.65454545455,-34.179174,142.144955,4200.0,205.0,67.5,58.5504166285,Street
145,ELIZABETH STREET,3,21.26,-37.6581846765,144.5743355,5327.35294118,536.875,60.0,55.1072288794,Street
146,ELMORE-RAYWOOD ROAD,2,6.5325,-36.492189,144.3907105,80.0,7.5,89.8701298701,90.163149053,Road
147,ELTHAM-YARRA GLEN ROAD,2,8.08932806324,-37.6919,145.217238333,4566.66666667,485.0,80.0,75.9191925725,Road
148,EPPING ROAD,2,9.03370786517,-37.578856,145.032978,2400.0,395.0,100.0,101.765987117,Road
149,EPPING-KILMORE ROAD,2,10.028,-37.3590425714,145.017345143,1921.42857143,179.285714286,75.0,78.3065102696,Road
150,ETTRICK-TYRENDARRA ROAD,2,8.61538461538,-38.18476,141.776894,435.0,110.0,100.0,99.1822905121,Road
151,EUROA-MANSFIELD ROAD,2,7.6325,-36.880277,145.61822,275.0,35.0,100.0,91.9776037555,Road
152,FAIRBAIRN ROAD,2,8.28461538462,-37.8070203333,144.818009333,9000.0,2400.0,80.0,67.3011975285,Road
153,FERRARS STREET,2,6.9875,-37.8544604286,144.602957714,7315.71428571,496.428571429,60.0,57.083593567,Street
154,FISH CREEK-FOSTER ROAD,2,8.14166666667,-38.689872,146.144417,510.0,50.0,100.0,98.9621530043,Road
155,FITZGERALD ROAD,2,7.0875,-37.7955332,144.7897866,7560.0,1217.0,60.0,54.1517708498,Road
156,FITZROY STREET,3,22.28,-37.860165,144.9767204,5570.0,357.0,60.0,49.4437499842,Street
157,FOREST ROAD,1,8.01470588235,-37.983929,144.696441333,5833.33333333,255.0,60.0,57.9130207699,Road
158,FORREST-APOLLO BAY ROAD,2,8.7306122449,-38.618474,143.706548,385.0,30.0,100.0,80.2071430113,Road
159,FORSYTH ROAD,2,12.2090909091,-37.868803,144.73484,10998.3333333,980.0,80.0,65.156770865,Road
160,FOXHOW ROAD,2,6.34035087719,-38.085226,143.393414,360.0,60.0,100.0,100.392706866,Road
161,FULLARD ROAD,2,10.5142857143,-38.030681,145.303233,5450.0,370.0,60.0,60.1646353799,Road
162,FURLONG ROAD,2,10.3916666667,-37.7608887692,144.816589923,4738.46153846,338.181818182,60.0,57.7746875087,Road
163,FYANSFORD-GHERINGHAP ROAD,2,7.32666666667,-38.1107005,144.264141,2600.0,150.0,90.0,101.793749489,Road
164,GAFFNEY STREET,2,9.34210526316,-37.73207375,144.9444765,6612.5,416.25,60.0,51.3188021185,Street
165,GEELONG-BALLAN ROAD,2,8.2,-37.821666,144.201234,485.0,75.0,100.0,95.966145155,Road
166,GELANTIPY ROAD,2,6.56666666667,-37.310756,148.245879,65.0,5.0,100.0,64.0956423343,Road
167,GIRGARRE-RUSHWORTH ROAD,2,7.78684210526,-36.517239,144.98624,365.0,50.0,100.0,86.2790361253,Road
168,GISBORNE-KILMORE ROAD,2,8.76071428571,-37.426393,144.720668,1750.0,165.0,80.0,93.1744266347,Road
169,GLENELG HIGHWAY,2,9.07941176471,-37.67621125,142.558545625,976.25,174.583333333,90.8027923211,90.6598162415,Highway
170,GLENFERRIE ROAD,3,12.9375,-37.8363752222,145.032917111,6583.33333333,328.888888889,60.0,37.6927084525,Road
171,GLENHUNTLY ROAD,3,10.2333333333,-37.8871654,145.024001733,5613.33333333,710.666666667,50.0,36.6751561368,Road
172,GLENROWAN-MYRTLEFORD ROAD,2,8.37837837838,-36.4355238571,146.311459857,743.571428571,78.5714285714,100.0,95.8266920628,Road
173,GORDON STREET,3,12.1533333333,-37.79268,144.8892732,7710.0,393.0,60.0,56.0257813333,Street
174,GOULBURN VALLEY HIGHWAY,2,9.91567164179,-36.7118370714,145.370096946,1971.60714286,317.678571429,95.0808314088,91.7504944978,Highway
175,GRAMPIANS ROAD,2,7.47358490566,-37.1550818667,142.519859333,422.666666667,49.3333333333,83.2450331126,76.3892382121,Road
176,GRANGE ROAD,2,12.0272727273,-37.8407698462,145.032221308,9176.92307692,451.538461538,60.0,52.9305078486,Road
177,GRANT STREET,2,13.7181818182,-37.9472491667,144.093166667,4485.83333333,327.5,60.0,46.0948090454,Street
178,GREAT ALPINE ROAD,1,8.65153256705,-36.6776714412,146.860786088,1473.23529412,140.0,92.5503355705,85.4392971961,Road
179,GREAT OCEAN ROAD,2,8.83452868852,-38.567499037,143.636174574,2046.11111111,161.851851852,94.0659340659,79.1438528531,Road
180,GRETA ROAD,2,10.6361111111,-36.4000258333,146.300001833,890.0,90.0,100.0,98.8598950669,Road
181,GRIMSHAW STREET,2,8.575,-37.70261,145.0840986,10440.0,611.0,60.0,63.5198263321,Street
182,HAPPY VALLEY ROAD,2,6.91081081081,-36.584406,146.876893,440.0,35.0,100.0,95.5323855206,Road
183,HARROW-BALMORAL ROAD,2,5.40666666667,-37.247998,141.785578,220.0,15.0,100.0,86.6459459872,Road
184,HAWTHORN ROAD,3,13.5333333333,-37.8782131429,145.042658857,5085.71428571,262.5,50.0,54.4200782974,Road
185,HEALESVILLE-YARRA GLEN ROAD,2,8.51290322581,-37.656193,145.416238,1690.0,235.0,60.0,76.0820051431,Road
186,HEATHCOTE-NAGAMBIE ROAD,2,6.89821428571,-36.889419,144.829264,600.0,75.0,100.0,90.3298835321,Road
187,HEATHCOTE-ROCHESTER ROAD,2,7.9338028169,-36.5478763333,144.761148,518.333333333,120.0,100.0,92.7922956195,Road
188,HEATHS ROAD,1,6.29701492537,-37.8813225,144.666640833,10850.0,761.666666667,60.0,59.0219791332,Road
189,HEIDELBERG-KINGLAKE ROAD,2,8.06008403361,-37.6203673333,145.223337333,1300.0,100.0,80.0,76.8341146309,Road
190,HENDY MAIN ROAD,2,7.2275862069,-38.295169,144.193462,690.0,70.0,100.0,85.0820652091,Road
191,HENTY HIGHWAY,2,9.0546572935,-36.92753864,142.13481562,914.2,187.0,96.1548731642,96.1650626135,Highway
192,HIGH STREET,2,9.94828897338,-37.4818700667,144.736653308,6648.33333333,550.958333333,64.2151898734,61.2735522469,Street
193,HIGHBURY ROAD,3,12.1592592593,-37.857316,145.129455,5970.0,356.0,60.0,62.1989062227,Road
194,HORSHAM-NORADJUHA ROAD,2,6.15714285714,-36.802267,142.05404,315.0,55.0,100.0,99.9337198587,Road
195,HOTHAM STREET,3,13.43,-37.8693708,144.999445,8710.0,554.0,60.0,56.493229111,Street
196,HUME HIGHWAY,2,11.7085832472,-36.8948278519,145.561986963,5397.77777778,708.148148148,95.0522648084,98.827886779,Highway
197,HUNTINGDALE ROAD,2,10.1577464789,-37.892661,145.107156783,7739.13043478,506.52173913,60.0,57.15911446,Road
198,HYDE STREET,3,10.35,-37.817552,144.896977667,4966.66666667,556.666666667,60.0,60.7627994218,Street
199,HYLAND HIGHWAY,2,8.83018867925,-38.24422025,146.552785875,1912.5,231.25,100.0,101.123697319,Highway
200,INVERLEIGH-SHELFORD ROAD,2,6.12222222222,-38.052423,143.989835,175.0,20.0,100.0,96.5473209087,Road
201,INVERLEIGH-WINCHELSEA ROAD,2,6.59583333333,-38.156238,144.004823,220.0,35.0,100.0,92.900277965,Road
202,JEPARIT-WARRACKNABEAL ROAD,2,5.75945945946,-36.1762935,142.244999,77.5,22.5,80.0,100.327026417,Road
203,KANGAROO GROUND-ST ANDREWS ROAD,2,8.244,-37.6541848,145.2334468,1820.0,137.0,60.0,60.8586195705,Road
204,KANIVA-EDENHOPE ROAD,2,5.99,-36.726015,141.272268,85.0,22.5,100.0,96.5529601971,Road
205,KATAMATITE-NATHALIA ROAD,2,8.36184210526,-36.087222,145.4409698,878.0,138.0,80.1098901099,92.831407415,Road
206,KATAMATITE-YARRAWONGA ROAD,2,7.7125,-36.055296,145.841883,460.0,85.0,100.0,97.4516905855,Road
207,KELLETTS ROAD,2,7.03058823529,-37.91433475,145.25958525,7762.5,436.25,65.0,72.3851564325,Road
208,KERANG-KOONDROOK ROAD,2,9.39032258065,-35.698251,144.023881333,1003.33333333,130.0,90.0,97.4840016665,Road
209,KERANG-MURRABIT ROAD,2,8.508,-35.625498,143.942383,255.0,20.0,100.0,99.1446014309,Road
210,KIEWA VALLEY HIGHWAY,2,8.3385,-36.4832791,147.0637223,1638.0,156.5,94.9333333333,82.1806065186,Highway
211,KING STREET,2,8.91973684211,-37.7580916,144.9110181,13455.0,737.0,60.0,52.4570312501,Street
212,KINGS ROAD,3,12.2576923077,-37.7136133333,144.780764667,9066.66666667,283.333333333,60.0,66.9867186745,Road
213,KOROIT-PORT FAIRY ROAD,2,7.20714285714,-38.3054643333,142.346292333,2000.0,250.0,100.0,77.3042612942,Road
214,KOROIT-WOOLSTHORPE ROAD,2,7.17142857143,-38.247637,142.391177,360.0,30.0,100.0,85.2724431643,Road
215,KOROROIT CREEK ROAD,2,7.36066666667,-37.848878,144.821053,11800.0,1146.0,75.0,63.439713508,Road
216,KORUMBURRA-WARRAGUL ROAD,2,7.33469387755,-38.2571604286,145.897192,3438.57142857,307.142857143,89.9300699301,73.2615385923,Road
217,KORUMBURRA-WONTHAGGI ROAD,2,7.69277108434,-38.477704,145.763964,390.0,50.0,100.0,71.0809657356,Road
218,KYABRAM-ROCHESTER ROAD,2,8.69275362319,-36.358065,144.719437,1400.0,290.0,100.0,78.5734635592,Road
219,LANCASTER-MOOROOPNA ROAD,2,8.62692307692,-36.313643,145.214049,1350.0,145.0,100.0,100.764973344,Road
220,LANG LANG-POOWONG ROAD,2,8.68695652174,-38.343266,145.6549,420.0,60.0,80.0,88.7015956706,Road
221,LANSDOWNE STREET,2,7.13333333333,-37.8109715,144.978136,5125.0,190.0,50.0,36.4735156196,Street
222,LAVERS HILL-COBDEN ROAD,2,7.81444444444,-38.4994586667,143.2230365,555.0,70.8333333333,90.3286384977,82.7606217517,Road
223,LEITCHVILLE-PYRAMID ROAD,2,7.225,-36.004531,144.224643,485.0,115.0,100.0,86.9204788613,Road
224,LINCOLN ROAD,2,11.2571428571,-37.7745283333,145.166021,3700.0,388.333333333,60.0,51.9869531198,Road
225,LINDSAY ROAD,2,7.31666666667,-36.241582,146.965541,195.0,20.0,100.0,98.3305846259,Road
226,LOCH VALLEY ROAD,2,6.71428571429,-37.868659,146.009699,125.0,30.0,100.0,54.67757566,Road
227,LOCKHARTS GAP ROAD,2,7.152,-36.328365,147.162566,490.0,50.0,100.0,102.031913674,Road
228,LODDON VALLEY HIGHWAY,2,8.845,-36.2498745,143.9733095,845.833333333,177.5,100.0,96.8525719461,Highway
229,LOGAN-WEDDERBURN ROAD,2,8.28571428571,-36.4738715,143.5824475,50.0,10.0,100.0,98.1843743318,Road
230,LONGFORD-LOCH SPORT ROAD,2,7.88,-38.198986,147.347983,750.0,130.0,100.0,98.4882542698,Road
231,LONGWARRY-DROUIN ROAD,2,7.82777777778,-38.1129225,145.798489,1350.0,80.0,100.0,99.8596347133,Road
232,LOWER DUNEED ROAD,2,7.89230769231,-38.251834,144.36157,2450.0,220.0,100.0,92.0954784633,Road
233,LOWER PLENTY ROAD,4,13.1777777778,-37.7359206667,145.078630333,14833.3333333,650.0,70.0,68.8729686936,Road
234,LYSTERFIELD ROAD,2,9.76666666667,-37.914832,145.29935,4400.0,250.0,80.0,79.7397913141,Road
235,MACARTHUR-PENSHURST ROAD,2,6.5765625,-37.935962,142.133006,70.0,15.0,100.0,98.932848153,Road
236,MADEIRA PACKET ROAD,2,8.93018867925,-38.369254,141.621548,605.0,105.0,80.0,74.7669270237,Road
237,MAFFRA-BRIAGOLONG ROAD,2,7.404,-37.877791,146.993191,755.0,35.0,100.0,96.8427696218,Road
238,MAFFRA-ROSEDALE ROAD,2,8.00689655172,-38.040502,146.8751785,852.5,127.5,75.0,101.238280094,Road
239,MAILORS FLAT-KOROIT ROAD,2,8.15,-38.295502,142.398795,1600.0,211.666666667,100.0,89.8067705629,Road
240,MAIN NEERIM ROAD,2,8.77582417582,-38.0688474091,145.890228545,1178.18181818,107.272727273,81.3731343284,83.8978727866,Road
241,MAIN ROAD,2,12.2266666667,-37.6875197442,145.086033279,6233.95348837,361.395348837,63.9752650177,60.9410424755,Road
242,MALDON-NEWSTEAD ROAD,2,7.00434782609,-37.058444,144.046581,645.0,95.0,100.0,91.4976559875,Road
243,MALLACOOTA ROAD,2,7.235,-37.5137315714,149.675883857,382.857142857,64.2857142857,79.6,78.8669999696,Road
244,MALLEE HIGHWAY,1,8.19909502262,-35.1192447778,142.177107667,406.666666667,118.888888889,100.0,100.77737351,Highway
245,MANSFIELD-WHITFIELD ROAD,2,6.51836734694,-36.9453866667,146.202946667,416.666666667,28.3333333333,90.4651162791,86.0122084823,Road
246,MANSFIELD-WOODS POINT ROAD,2,6.52631578947,-37.314026,146.19724,407.5,32.5,90.9302325581,81.4629356913,Road
247,MARLO ROAD,2,6.66451612903,-37.74026725,148.48807225,523.75,37.5,79.3258426966,86.1017690719,Road
248,MAROONA-GLENTHOMPSON ROAD,2,7.18181818182,-37.5571905,142.6790065,286.25,72.5,93.3333333333,96.337326011,Road
249,MAROONDAH HIGHWAY,2,9.93159018143,-37.5022638947,145.54185093,5714.38596491,431.929824561,96.3245033113,96.7297584974,Highway
250,MAROONDAH LINK HIGHWAY,2,10.1615384615,-37.132742,145.592738,1450.0,180.0,100.0,103.157939543,Highway
251,MARYBOROUGH-DUNOLLY ROAD,2,7.86,-36.8815986667,143.743652333,705.0,85.0,100.0,98.405568454,Road
252,MARYSVILLE ROAD,2,8.15476190476,-37.538104,145.687216,335.0,55.0,100.0,87.6062498888,Road
253,MARYSVILLE-WOODS POINT ROAD,2,6.73636363636,-37.530452,145.802903333,55.0,3.33333333333,60.0,63.8450758097,Road
254,MCDONALDS ROAD,2,9.58351648352,-37.648412,145.0614695,7400.0,615.0,60.0,61.0294266541,Road
255,MCIVOR HIGHWAY,2,9.60894736842,-36.84839,144.6120805,1450.0,170.0,100.0,93.7054688137,Highway
256,MCKINNONS BRIDGE-NOORAT ROAD,2,9.04285714286,-38.196478,142.959127,235.0,35.0,100.0,71.2499998377,Road
257,MCLOUGHLINS BEACH ROAD,2,6.48,-38.531177,146.87849,255.0,30.0,80.0,83.0793747904,Road
258,MELBA HIGHWAY,2,10.4661835749,-37.65375425,145.390623875,2600.0,388.75,68.0,84.7084063846,Highway
259,MELBOURNE ROAD,2,9.30769230769,-37.7112531296,144.676373722,11303.7037037,1088.88888889,73.3333333333,70.2624999018,Road
260,MELBOURNE-LANCEFIELD ROAD,2,10.8313131313,-37.348075,144.7432485,2675.0,205.0,90.0,89.0623168129,Road
261,METROPOLITAN RING ROAD,2,14.2204819277,-37.6886338571,145.019410952,45000.0,3119.04761905,96.6666666667,90.543711132,Road
262,METUNG ROAD,2,9.12666666667,-37.8619445,147.855178,990.0,57.5,90.0,86.6002659085,Road
263,MICKLEHAM ROAD,2,8.8891025641,-37.660399625,144.881895125,13487.5,830.0,86.6666666667,87.5674552118,Road
264,MIDLAND HIGHWAY,2,10.07829233,-37.0608920111,144.604454933,3211.33333333,348.666666667,91.9612229679,88.8101288874,Highway
265,MIRBOO NORTH-TRAFALGAR ROAD,2,8.698,-38.299655,146.168309333,1406.66666667,165.0,100.0,90.6629036464,Road
266,MITCHAM ROAD,3,11.3818181818,-37.809149,145.188642167,9108.33333333,604.166666667,60.0,64.6277994615,Road
267,MONASH FREEWAY,3,16.9824915825,-37.9330263059,145.181993506,69988.2352941,6237.64705882,100.0,91.1815266055,Freeway
268,MONASH WAY,2,12.2830508475,-38.289218,146.392805643,3297.5,188.928571429,80.0,78.9138171165,
269,MONBULK ROAD,2,7.43448275862,-37.8666320556,145.380033722,5727.77777778,512.222222222,80.0,77.4775520958,Road
270,MONBULK-SEVILLE ROAD,2,6.395,-37.813204,145.458540667,410.0,45.0,80.0,71.6416108871,Road
271,MOORABOOL STREET,4,14.6,-38.1530324706,144.358104412,6876.47058824,525.882352941,60.0,53.9333333175,Street
272,MOORE STREET,2,13.2,-37.9216813333,145.356634,7433.33333333,545.0,60.0,54.9360526134,Street
273,MOOROODUC HIGHWAY,2,10.0399209486,-38.1976217353,145.116298706,16997.0588235,999.117647059,100.0,94.7177082702,Highway
274,MORELAND ROAD,2,9.488,-37.7539408333,144.951413333,6125.0,303.333333333,60.0,50.6443229517,Road
275,MORTLAKE-ARARAT ROAD,2,8.12702702703,-37.9842865,142.8101745,340.0,90.0,60.0,59.0250000245,Road
276,MORWELL-THORPDALE ROAD,2,8.35217391304,-38.2444595,146.347838833,2419.16666667,155.0,100.0,99.2994375325,Road
277,MORWELL-TRARALGON ROAD,2,8.99223300971,-38.231674,146.3798195,2100.0,170.0,60.0,80.717708429,Road
278,MOUNT BUFFALO ROAD,1,7.27777777778,-36.7330363333,146.806991167,916.666666667,96.6666666667,100.0,83.7308333926,Road
279,MURCHISON-TATURA ROAD,2,7.72,-36.526373,145.222809,900.0,120.0,100.0,104.16874933,Road
280,MURRAY RIVER ROAD,2,7.16115702479,-36.0706493333,147.769460833,180.0,18.3333333333,100.0,96.8446420402,Road
281,MURRAY VALLEY HIGHWAY,2,9.17363847045,-35.8599152054,145.413386661,1580.71428571,261.517857143,92.0336605891,90.7182941449,Highway
282,MURRUMBEENA ROAD,2,8.38,-37.8949326,145.0653216,6590.0,348.0,60.0,59.562057396,Road
283,MYAMYN-MACARTHUR ROAD,2,5.73611111111,-37.997857,141.850782,120.0,25.0,100.0,94.4932923176,Road
284,MYRTLE STREET,1,7.61333333333,-36.66412525,145.4997275,5350.0,353.75,57.5,54.7801106275,Street
285,MYRTLEFORD-YACKANDANDAH ROAD,2,8.36049382716,-36.491203,146.834585,875.0,105.0,100.0,98.0328118423,Road
286,NAPOLEON ROAD,2,10.156,-37.9133465,145.276334,5975.0,585.0,60.0,79.2652340728,Road
287,NEPEAN HIGHWAY,3,10.9074561404,-38.0742740326,145.049023772,20146.7391304,1037.06521739,70.0,68.1131912069,Highway
288,NERRENA ROAD,2,8.27307692308,-38.512782,146.023647,535.0,55.0,100.0,91.7178802485,Road
289,NHILL-HARROW ROAD,2,5.93709677419,-37.009424,141.6141085,37.5,0.0,90.0,98.6202296968,Road
290,NHILL-JEPARIT ROAD,2,6.54736842105,-36.225097,141.849698,215.0,35.0,100.0,103.76220858,Road
291,NHILL-NETHERBY ROAD,2,6.70909090909,-36.220749,141.671014,115.0,20.0,100.0,103.357620702,Road
292,NHILL-YANAC ROAD,2,7.14827586207,-36.263416,141.508875,135.0,20.0,100.0,101.86781187,Road
293,NICHOLSON STREET,2,9.40666666667,-37.7547981892,145.432038649,6905.40540541,461.351351351,60.0,45.6020443538,Street
294,NORMAN STREET,2,14.5,-37.533767,143.836472,5700.0,270.0,60.0,58.2229166429,Street
295,NORTH ROAD,2,8.68333333333,-37.9347209841,145.06655681,13044.2857143,840.327868852,72.3560209424,59.7502485795,Road
296,NORTH SHORE ROAD,2,9.09285714286,-38.099427,144.35995,2250.0,220.0,60.0,59.6937499841,Road
297,NORTHERN HIGHWAY,2,10.1188720174,-36.8059968864,144.784669341,3280.22727273,411.818181818,87.7777777778,88.0180980603,Highway
298,OLD GEELONG ROAD,2,7.7702970297,-37.8696975,144.7291485,11262.5,842.5,70.0,69.4247264466,Road
299,OLD MELBOURNE ROAD,2,10.28125,-37.740757375,144.346517375,1943.125,137.5,93.2867132867,78.6329194449,Road
300,OLD SALE ROAD,1,8.2,-38.1376763333,146.125516333,1106.66666667,110.0,100.0,88.2872812498,Road
301,OLINDA-MONBULK ROAD,2,6.46666666667,-37.863476,145.3759455,1400.0,85.0,60.0,53.8156249523,Road
302,OMEO HIGHWAY,2,6.775,-37.1554132174,147.569459348,928.260869565,121.304347826,95.7556270096,85.8135929925,Highway
303,ORIEL ROAD,1,3.80238095238,-37.7535833333,145.039382,4600.0,350.0,60.0,57.5082812506,Road
304,ORMOND ROAD,3,11.2285714286,-37.893509625,144.6657825,5201.66666667,374.090909091,65.0,62.6796484689,Road
305,PARA ROAD,2,10.9625,-37.710415,145.110872667,8416.66666667,500.0,60.0,61.7893751066,Road
306,PASCOE VALE ROAD,2,8.6,-37.7236298095,144.923312571,12828.5714286,803.571428571,62.5,61.5553337683,Road
307,PENSHURST-DUNKELD ROAD,2,6.68235294118,-37.8147345,142.2947635,195.0,25.0,100.0,97.7161568406,Road
308,PENSHURST-PORT FAIRY ROAD,2,8.1,-38.315616,142.300435,345.0,50.0,100.0,83.6511110941,Road
309,PENSHURST-WARRNAMBOOL ROAD,2,8.11339285714,-38.196922,142.324511,1115.0,157.5,89.9300699301,89.2899471878,Road
310,PHILLIP ISLAND ROAD,2,10.1114285714,-38.4956475882,145.283354647,4976.47058824,400.588235294,80.0,81.8980987667,Road
311,POINT COOK ROAD,2,8.1813559322,-37.88820225,144.75600175,7163.75,348.75,70.0,67.2375650605,Road
312,POINT NEPEAN ROAD,1,7.840625,-38.3471259615,144.836706192,6815.38461538,501.538461538,60.0,58.963541617,Road
313,PORT WELSHPOOL ROAD,2,7.85,-38.6719885,146.443891,455.0,55.0,100.0,92.6763587201,Road
314,PORTLAND-NELSON ROAD,2,9.43413173653,-38.0867606667,141.095258667,600.0,220.0,100.0,95.3796873094,Road
315,POUND ROAD,1,7.62244897959,-38.0295411667,145.259304833,9424.16666667,754.166666667,70.0,65.6387761035,Road
316,PRAIRIE-ROCHESTER ROAD,2,6.85510204082,-36.2990415,144.383026,102.5,27.5,100.0,98.247469263,Road
317,PRINCES HIGHWAY,2,10.7497099047,-37.9993380357,145.157114786,11603.5714286,805.714285714,88.5389473684,87.1714028405,Highway
318,PRINCES STREET,3,10.0769230769,-37.9014320833,145.309030583,14925.0,1222.5,80.0,82.2838541667,Street
319,PYRENEES HIGHWAY,1,8.38524590164,-37.107727,143.96468932,2259.6,314.8,96.8932038835,94.3152460672,Highway
320,QUEEN STREET,2,7.33333333333,-37.7737465556,144.902962722,6429.44444444,388.0,73.3333333333,54.8195312223,Street
321,RACECOURSE ROAD,5,23.2,-37.8175085,144.9909454,13925.0,797.5,60.0,51.1562500297,Road
322,RANFURLY WAY,2,11.7666666667,-34.177623,142.107865,2700.0,130.0,100.0,88.9802083171,
323,ROBINVALE-SEA LAKE ROAD,2,7.20066225166,-34.703377,142.7938,260.0,45.0,100.0,98.6562494596,Road
324,ROKEWOOD-SHELFORD ROAD,2,7.02903225806,-37.943631,143.85756,465.0,95.0,100.0,102.255052364,Road
325,ROSEDALE-HEYFIELD ROAD,2,7.55,-38.084588,146.77169,420.0,65.0,100.0,99.238829105,Road
326,ROSEDALE-LONGFORD ROAD,1,7.30909090909,-38.162708,146.9381385,475.0,90.0,100.0,101.922383109,Road
327,ROSSBRIDGE-STREATHAM ROAD,2,6.52307692308,-37.595642,142.947626,90.0,20.0,100.0,99.5044636056,Road
328,RUNNING CREEK ROAD,2,6.44285714286,-36.56017,147.004224,235.0,25.0,100.0,91.4971584835,Road
329,RUSHWORTH-TATURA ROAD,2,7.8152173913,-36.5424035,145.0605905,545.0,30.0,100.0,95.2294442484,Road
330,RUSSELL STREET,2,9.45714285714,-37.6380943333,144.852671,9425.0,545.0,60.0,50.6187499761,Street
331,RUTHERGLEN-SPRINGHURST ROAD,2,8.31428571429,-36.1624285,146.4752735,330.0,40.0,100.0,101.118084033,Road
332,RUTHERGLEN-WAHGUNYAH ROAD,2,9.5,-36.0348045,146.423873,2000.0,197.5,100.0,100.683917856,Road
333,SALE-HEYFIELD ROAD,2,7.40909090909,-38.047722,146.948842,1500.0,255.0,100.0,99.6736404142,Road
334,SAYERS ROAD,2,7.43428571429,-37.8512938,144.7172751,8020.0,414.0,60.0,70.1514063677,Road
335,SEA LAKE-SWAN HILL ROAD,1,7.97807017544,-35.476409,143.205843,425.0,40.0,100.0,97.5680226158,Road
336,SETTLEMENT ROAD,2,12.9166666667,-38.0063485294,144.588898588,11982.3529412,1161.76470588,60.0,63.9130207698,Road
337,SHELFORD-BANNOCKBURN ROAD,2,7.80165289256,-38.030434,144.071977,2000.0,245.0,100.0,102.156249522,Road
338,SKENES CREEK ROAD,2,7.559375,-38.699063,143.715129,525.0,55.0,100.0,69.0320226156,Road
339,SNOWY RIVER ROAD,2,5.65,-36.964402,148.318879,10.0,0.0,100.0,62.8427083494,Road
340,SOMERVILLE ROAD,2,9.84333333333,-37.8114634444,144.871109333,5255.55555556,907.222222222,60.0,53.3677083055,Road
341,SOUTH GIPPSLAND HIGHWAY,2,10.1117446809,-38.2865090581,145.811098523,7021.39534884,738.372093023,94.1304347826,91.9977518196,Highway
342,SOUTH ROAD,2,9.28689655172,-37.9272761304,145.029840609,11665.2173913,756.956521739,70.0,68.3326433102,Road
343,SPENCER ROAD,2,7.15,-38.28034,142.269208,322.5,52.5,100.0,100.646466541,Road
344,SPENCER STREET,3,13.8378378378,-37.8136863333,144.950872556,12822.2222222,786.666666667,60.0,53.9345312916,Street
345,SPRING STREET,3,10.0,-37.7683431667,144.988277333,7850.0,692.5,60.0,45.6373437247,Street
346,SPRINGVALE ROAD,2,8.47441860465,-37.8939068065,145.162280903,18974.1935484,921.612903226,75.7142857143,68.8146927357,Road
347,ST ARNAUD-WYCHEPROOF ROAD,1,7.24923076923,-36.4108536667,143.220575667,218.333333333,48.3333333333,100.0,100.023191679,Road
348,ST GEORGES ROAD,2,10.7153846154,-37.8178645,144.887422625,11754.1666667,743.333333333,65.0,59.3917839129,Road
349,ST KILDA STREET,2,9.35,-37.8955682857,144.989805714,9842.85714286,648.571428571,60.0,56.0130207931,Street
350,STANLEY ROAD,2,7.71428571429,-36.37718,146.734825,595.0,40.0,80.0,88.9259142988,Road
351,STATION STREET,2,9.56504854369,-37.7138766596,144.956293064,5819.78723404,364.047619048,60.0,58.6704323055,Street
352,STAWELL-WARRACKNABEAL ROAD,2,8.03134328358,-36.6722967273,142.620830227,315.0,89.5454545455,100.0,100.136795289,Road
353,STEIGLITZ ROAD,2,6.78918918919,-37.981938,144.191033,555.0,50.0,100.0,90.3835105486,Road
354,STRATFORD-BENGWORDEN ROAD,2,6.73333333333,-37.97129,147.145542,120.0,10.0,100.0,94.6626776037,Road
355,STRATFORD-MAFFRA ROAD,2,7.6,-37.977218,147.033112,1300.0,115.0,100.0,101.384895044,Road
356,STUD ROAD,2,9.02,-37.928293,145.230441467,17593.3333333,989.333333333,80.0,69.3754684726,Road
357,STUDLEY PARK ROAD,4,13.2,-37.8034973333,145.011267667,8050.0,515.0,60.0,63.640625,Road
358,STURT HIGHWAY,2,10.93671875,-34.216053,141.964268333,5448.33333333,640.0,80.0,76.4435401343,Highway
359,STURT STREET,2,11.9,-37.6911515833,144.398396833,5968.33333333,491.25,70.0,65.9177083969,Street
360,SUNRAYSIA HIGHWAY,2,8.29301075269,-36.3414582778,143.041782889,361.944444444,84.7222222222,94.8317631225,96.6812624516,Highway
361,SWAN STREET,1,6.26666666667,-37.825455375,144.998264375,11600.0,652.5,60.0,38.252083381,Street
362,SYDNEY ROAD,3,15.2,-37.61851,145.066124578,14877.7777778,1342.0,72.0,67.6383988541,Road
363,TARRA VALLEY ROAD,2,6.53157894737,-38.509643,146.623494,505.0,55.0,100.0,84.8329757959,Road
364,TARWIN LOWER ROAD,2,7.68333333333,-38.6474005,145.9326095,357.5,55.0,79.2941176471,91.7327929968,Road
365,TATURA-UNDERA ROAD,2,8.6125,-36.3598053333,145.222764667,696.666666667,116.666666667,100.0,100.026770017,Road
366,TERANG-MORTLAKE ROAD,2,8.13235294118,-38.196436,142.905092333,510.0,75.0,100.0,97.578905661,Road
367,THE BOULEVARD,3,11.64,-38.0561363333,144.84839,4883.33333333,360.0,50.0,53.7848958573,
368,THOMPSON ROAD,2,9.55960264901,-38.0848604231,145.061701808,8245.38461538,568.076923077,85.0,88.8396738299,Road
369,THOMPSONS ROAD,2,8.465625,-37.9648719375,145.194852688,8343.75,667.5,70.0,77.6292967797,Road
370,TIMBARRA ROAD,2,6.06,-37.46196,148.122251,45.0,5.0,100.0,74.2134124911,Road
371,TIMBOON-COLAC ROAD,2,7.28222222222,-38.448208,143.1183,265.0,35.0,100.0,101.896353204,Road
372,TIMBOON-NULLAWARRE ROAD,2,7.78666666667,-38.4721965,142.853741,555.0,70.0,100.0,98.2717439499,Road
373,TIMBOON-PORT CAMPBELL ROAD,2,7.59333333333,-38.49921,142.991995,260.0,15.0,100.0,95.3417674252,Road
374,TRAMWAY ROAD,2,9.50952380952,-38.2462297143,146.436768714,4471.42857143,631.428571429,93.3333333333,81.6267358983,Road
375,TRARALGON CREEK ROAD,2,8.1,-38.262996,146.5496635,1050.0,100.0,100.0,92.4207443872,Road
376,TRARALGON-BALOOK ROAD,2,6.54090909091,-38.36008,146.567275,235.0,40.0,100.0,75.4545731428,Road
377,TRARALGON-MAFFRA ROAD,2,8.24850746269,-38.0733638889,146.673543778,1746.11111111,178.888888889,91.6043956044,93.5503509426,Road
378,TULLAMARINE FREEWAY,2,13.8336206897,-37.7038315429,144.882909714,45125.7142857,3034.54545455,100.0,85.0672411062,Freeway
379,TYERS ROAD,2,10.0428571429,-38.16460175,146.481899,1887.5,135.0,93.3333333333,86.4754340121,Road
380,TYLDEN-WOODEND ROAD,2,9.08666666667,-37.336358,144.465136,1400.0,115.0,100.0,95.9479935547,Road
381,UNION STREET,3,16.2,-37.8534005,144.9816115,2775.0,210.0,40.0,40.3965103827,Street
382,UPPER GOULBURN ROAD,2,8.37857142857,-37.089417,145.151758,230.0,40.0,100.0,88.149202022,Road
383,VENTNOR ROAD,2,7.41724137931,-38.4901,145.164888167,433.333333333,29.1666666667,93.5593220339,69.4184604309,Road
384,VINEYARD ROAD,2,7.93571428571,-37.6112183,144.7091718,6930.0,656.0,75.0,77.6640625,Road
385,WALHALLA ROAD,2,6.71666666667,-38.0034965,146.372032,357.5,40.0,100.0,76.6027178654,Road
386,WANGARATTA-WHITFIELD ROAD,2,7.86823529412,-36.464543,146.355448333,2135.0,113.333333333,81.5384615385,85.593984922,Road
387,WANGARATTA-YARRAWONGA ROAD,2,9.31684210526,-36.202624,146.241202,1250.0,105.0,100.0,99.7244782424,Road
388,WANTIRNA ROAD,2,9.99032258065,-37.8323185,145.22725675,5662.5,238.75,60.0,62.146979153,Road
389,WARATAH ROAD,2,6.82727272727,-38.772835,146.065658,335.0,55.0,100.0,91.6005951102,Road
390,WARNCOORT-BIRREGURRA ROAD,2,8.73333333333,-38.32302,143.752306,845.0,90.0,100.0,96.0140620877,Road
391,WARRACKNABEAL-BIRCHIP ROAD,2,6.41538461538,-36.112576,142.653378,255.0,30.0,100.0,101.055680707,Road
392,WARRACKNABEAL-RAINBOW ROAD,2,5.356,-36.027873,142.21065,45.0,0.0,100.0,100.709374376,Road
393,WARRIGAL ROAD,2,10.8291666667,-37.9118441154,145.084564577,15655.7692308,942.307692308,63.3333333333,49.365729173,Road
394,WARRNAMBOOL-CARAMUT ROAD,2,7.18571428571,-38.250351,142.459798571,1809.28571429,232.857142857,100.0,86.1939234732,Road
395,WAURN PONDS ROAD,2,9.68571428571,-38.2065445,144.2875965,3500.0,250.0,80.0,79.3070651345,Road
396,WAVERLEY ROAD,3,11.7772727273,-37.8820745714,145.105158214,8167.85714286,308.571428571,60.0,56.7911458514,Road
397,WELLS ROAD,2,8.89047619048,-38.057734,145.13275025,8425.0,611.666666667,70.0,73.5045441242,Road
398,WEST GATE FREEWAY,4,18.8925531915,-37.8264566286,144.890114571,82057.1428571,6680.0,89.4117647059,82.859602816,Freeway
399,WESTERN HIGHWAY,2,11.3354055367,-36.9203529825,142.62029793,3617.54385965,785.263157895,94.2105263158,95.6065974116,Highway
400,WESTERN RING ROAD,3,15.6704142012,-37.75234,144.841289455,53010.9090909,5224.0,100.0,82.2789765163,Road
401,WHITEHORSE ROAD,3,13.9,-37.809911,145.193019096,16838.4615385,861.730769231,60.0,60.9636281333,Road
402,WHITTLESEA-YEA ROAD,2,9.21680672269,-37.300874,145.377804,480.0,45.0,100.0,98.0911450804,Road
403,WIMMERA HIGHWAY,2,8.55091863517,-36.7396966667,142.2918255,522.5,99.7222222222,94.6007604563,95.4936040598,Highway
404,WINCHELSEA-DEANS MARSH ROAD,2,6.92941176471,-38.347651,143.962616,325.0,30.0,100.0,92.08139486,Road
405,WODONGA-YACKANDANDAH ROAD,2,7.81694915254,-36.2368831429,146.919758,2210.0,194.285714286,100.0,92.5321414757,Road
406,WOODSIDE BEACH ROAD,2,6.47777777778,-38.542024,146.935031,130.0,0.0,100.0,96.6483537289,Road
407,WOOLSTHORPE-HEYWOOD ROAD,2,6.27935483871,-38.1427674,142.0518808,331.0,68.0,100.0,96.062499387,Road
408,YAN YEAN ROAD,2,8.90869565217,-37.627791,145.133217,3566.66666667,274.444444444,80.0,76.481249968,Road
409,YARRA JUNCTION-NOOJEE ROAD,2,7.72333333333,-37.898491,145.980025,375.0,80.0,80.0,73.8418479588,Road
410,YARRAM-PORT ALBERT ROAD,2,8.95294117647,-38.642623,146.671151,545.0,35.0,100.0,96.2411924673,Road
