name,Unnamed: 0,id,number,lanes,left_width,traffic_width,right_width,width
ACHERON WAY,32596.4545455,33726.3636364,4811.0,2.09090909091,0.0,7.35454545455,0.0,7.35454545455
AERODROME ROAD,48844.4883721,54455.1162791,5616.0,1.97674418605,0.0,6.69534883721,0.0,6.69534883721
AIRPORT CONNECTION ROAD,21496.5454545,2917.36363636,2280.0,2.0,0.0,7.4,0.0,7.4
AIRPORT ROAD,46275.5555556,54650.4444444,5579.0,2.0,0.0,8.57777777778,0.0,8.57777777778
ALBERT ROAD,37908.125,39460.75,5128.0,4.875,0.0,15.4125,0.0,15.4125
ALBION ROAD BRIDGE,64734.3333333,63322.3333333,5867.0,2.0,0.0,9.1,0.0,9.1
ALEXANDRA AV,31330.6923077,34981.9230769,5019.0,3.53846153846,0.0,13.1230769231,0.0,13.1230769231
ANDERSON ROAD,50309.0,54640.8,5571.0,3.6,0.0,14.09,0.0,14.09
ANDERSONS CREEK ROAD,63024.1153846,67649.0769231,5947.0,2.42307692308,0.0,9.49807692308,0.0,9.49807692308
ANGLESEA ROAD,33783.0746269,34663.1492537,5010.0,1.94029850746,1.31343283582,7.08656716418,0.962686567164,9.36268656716
ARARAT-HALLS GAP ROAD,34455.76,38420.9,5136.0,2.2,0.454,8.994,0.322,9.77
ARARAT-ST ARNAUD ROAD,47796.8222222,44700.0222222,5247.0,2.0,0.0,6.72444444444,0.0,6.72444444444
ARARAT-STAWELL ROAD,49078.9090909,44742.2727273,5249.0,2.0,0.809090909091,10.2,0.809090909091,11.8181818182
ARTHURS SEAT ROAD,33039.5384615,34164.0769231,4941.0,2.19230769231,0.115384615385,9.88461538462,0.230769230769,10.2307692308
ARTHURTON ROAD BRIDGE,64854.0,64690.0,5862.0,2.0,0.0,9.73333333333,0.0,9.73333333333
ASCOT VALE ROAD,54282.8571429,59214.2857143,5763.0,2.57142857143,0.0,12.3571428571,0.0,12.3571428571
ASCOT VALE-KEILOR ROAD,63216.6506024,64043.686747,5864.0,3.42168674699,0.0,12.0192771084,0.0,12.0192771084
AUBURN ROAD,48073.4545455,45091.4545455,5309.0,3.45454545455,0.0,12.1909090909,0.0,12.1909090909
AVENEL-NAGAMBIE ROAD,54520.6086957,49420.9565217,5385.0,2.0,0.0,7.61739130435,0.0,7.61739130435
AYRESFORD ROAD,33604.9777778,34498.0,5031.0,2.0,0.0,6.92666666667,0.0,6.92666666667
BACCHUS MARSH ROAD,49239.2903226,45066.9354839,5288.0,2.1935483871,0.154838709677,9.19677419355,0.322580645161,9.67419354839
BACCHUS MARSH-GISBORNE ROAD,47333.0263158,44845.3026316,5190.0,2.18421052632,0.551315789474,8.69078947368,0.376315789474,9.61710526316
BACCHUS MARSH-WERRIBEE ROAD,49350.3486239,54573.1651376,5588.0,1.88073394495,0.235779816514,7.44678899083,0.235779816514,7.91651376147
BACK BEACH ROAD,34353.8125,35386.4375,4030.0,2.0,0.975,7.88125,0.64375,9.5
BALACLAVA ROAD,44727.0833333,44712.8333333,5295.0,3.16666666667,0.0,14.4333333333,0.0,14.4333333333
BALCOMBE ROAD,44949.6842105,44273.5789474,5312.0,2.52631578947,0.0,10.4526315789,0.0,10.4526315789
BALLAN-DAYLESFORD ROAD,47703.3421053,44918.8289474,5189.0,2.0,0.571052631579,7.72894736842,0.628947368421,8.92894736842
BALLARAT-BUNINYONG ROAD,48247.9189189,44826.1351351,5182.0,2.37837837838,0.905405405405,9.91351351351,0.978378378378,11.7972972973
BALLARAT-BURRUMBEET ROAD,35555.0422535,38740.6901408,5087.0,2.40845070423,0.590845070423,9.80915492958,0.418309859155,10.8147887324
BALLARAT-CARNGHAM ROAD,34160.1190476,38328.3333333,5078.0,2.07142857143,0.771428571429,8.34761904762,0.761904761905,9.87857142857
BALLARAT-MARYBOROUGH ROAD,54745.126506,48688.2650602,5327.0,2.22289156627,0.632530120482,8.36686746988,0.401204819277,9.40060240964
BALLARTO ROAD,43385.6555556,48096.5555556,5425.33333333,2.23333333333,0.0222222222222,7.93222222222,0.0,7.95444444444
BALNARRING ROAD,52503.4137931,59306.4482759,5761.0,1.96551724138,0.413793103448,7.21724137931,0.344827586207,7.97586206897
BALWYN ROAD,62581.95,67818.7,5992.0,2.7,0.0,9.525,0.0,9.525
BANDIANA LINK ROAD,18724.6551724,19066.6896552,2575.0,1.89655172414,2.29655172414,6.79310344828,0.541379310345,9.6275862069
BARKERS ROAD,64077.6190476,64312.6666667,5858.0,3.80952380952,0.0,13.219047619,0.0,13.219047619
BARKLY STREET,47899.0,45088.9090909,5184.0,2.18181818182,0.990909090909,10.7454545455,0.990909090909,12.7272727273
BARMAH-SHEPPARTON ROAD,54781.8,49313.72,5369.0,2.0,0.353,6.99,0.379,7.722
BARNAWARTHA-HOWLONG ROAD,55295.1818182,48617.6363636,5425.0,2.0,0.0,7.21818181818,0.0,7.21818181818
BAROOGA ROAD,55534.7142857,48587.0,5400.0,2.0,0.285714285714,10.3,0.528571428571,11.1142857143
BARRABOOL ROAD,34887.3636364,38839.4318182,5064.0,1.63636363636,0.153409090909,6.1125,0.195454545455,6.46136363636
BARRY ROAD,58002.8378378,55141.6756757,5594.02702703,3.27027027027,0.0,11.0324324324,0.0,11.0324324324
BARWON HEADS ROAD,33644.1304348,34502.1913043,5007.0,2.2347826087,1.02173913043,8.15391304348,0.967826086957,10.1426086957
BARWON HEADS-OCEAN GROVE ROAD,34447.625,34720.40625,5006.0,2.0,0.0,8.34375,0.0,8.34375
BASS HIGHWAY,25104.9467456,23903.6005917,2710.0,2.02366863905,1.61065088757,7.48668639053,0.819230769231,9.91538461538
BATMAN AVENUE TOLLWAY FREEWAY,31862.375,29659.125,2997.0,2.125,0.0,7.8,0.0,7.8
BAXTER-TOORADIN ROAD,50647.9027778,59267.0972222,5764.0,2.09722222222,0.830555555556,8.25555555556,0.741666666667,9.82777777778
BAY ROAD,47302.0666667,44742.8,5311.0,3.26666666667,0.0,11.56,0.0,11.56
BAY STREET,49728.9642857,59271.1785714,5738.0,2.10714285714,0.0,7.40357142857,0.0,7.40357142857
BAYSIDE ROAD,63573.5164835,64138.6813187,5883.0,1.94505494505,0.0879120879121,8.14065934066,0.108791208791,8.33736263736
BEACH ROAD,63208.4148148,64202.837037,5840.0,3.03703703704,0.0,10.2777777778,0.0,10.2777777778
BEACONSFIELD-EMERALD ROAD,51483.2926829,59722.6341463,5771.0,2.0487804878,0.39512195122,7.22682926829,0.419512195122,8.04146341463
BEACONSFIELD-NAR NAR GOON ROAD,12083.0038462,7248.36153846,2460.0,2.06923076923,0.595769230769,7.56538461538,0.166153846154,8.32730769231
BEAUFORT-LEXTON ROAD,46976.6666667,44871.75,5240.0,2.0,0.125,6.7125,0.125,6.9625
BEECH FOREST ROAD,35892.8333333,33773.5,4028.0,2.0,0.0,6.38,0.0,6.38
BEECHWORTH-CHILTERN ROAD,54926.0769231,48324.5,5461.0,2.0,0.0,6.91923076923,0.0,6.91923076923
BEECHWORTH-WANGARATTA ROAD,48878.9846154,54376.7846154,5524.0,2.0,0.798461538462,7.57538461538,0.855384615385,9.22923076923
BEECHWORTH-WODONGA ROAD,54565.4919355,49091.8629032,5463.0,2.01612903226,0.261290322581,7.80483870968,0.325,8.39112903226
BELGRAVE ROAD,29721.0,42375.0,5196.0,2.0,0.0,6.5,0.0,6.5
BELGRAVE-GEMBROOK ROAD,51718.556962,59860.3670886,5774.0,2.03797468354,0.0,7.60632911392,0.0,7.60632911392
BELGRAVE-HALLAM ROAD,51352.1794872,59008.3076923,5773.0,2.30769230769,0.592307692308,8.93076923077,0.392307692308,9.91538461538
BELL STREETREET ROAD,60599.3846154,63795.6923077,5818.0,2.61538461538,0.0,9.63846153846,0.0,9.63846153846
BELLARINE HIGHWAY,29815.3719008,28064.0055096,2730.0,2.00826446281,0.378236914601,7.0955922865,0.255371900826,7.72920110193
BELLS BEACH ROAD,35362.0,34589.5833333,4031.0,2.0,0.0,7.00833333333,0.0,7.00833333333
BELMONT-CORIO ROAD,50435.3658537,54416.304878,5580.0,3.18292682927,0.0243902439024,10.3231707317,0.0487804878049,10.3963414634
BELMONT-NEWCOMB ROAD,64743.2,64178.62,5896.0,2.6,0.0,9.95,0.0,9.95
BELMORE ROAD,63774.6666667,67497.7333333,5964.0,4.0,0.0,13.3266666667,0.0,13.3266666667
BENALLA-TATONG ROAD,49675.9090909,54826.4848485,5496.0,2.0,0.0606060606061,7.88787878788,0.0606060606061,8.00909090909
BENALLA-TOCUMWAL ROAD,54508.7333333,49327.3333333,5397.0,2.0,0.08,7.20380952381,0.0942857142857,7.3780952381
BENALLA-WINTON ROAD,34012.8888889,34462.6481481,5047.0,1.53703703704,0.581481481481,6.34074074074,0.85,7.77222222222
BENALLA-YARRAWONGA ROAD,54454.1353383,49169.4135338,5406.0,1.8045112782,0.166165413534,6.90751879699,0.151127819549,7.22481203008
BENAMBRA ROAD,48968.4761905,54773.047619,5555.0,2.0,0.0,6.55714285714,0.0,6.55714285714
BENAMBRA-CORRYONG ROAD,31161.7692308,29130.6538462,3001.0,2.0,0.0,6.20769230769,0.0,6.20769230769
BENDIGO-EAGLEHAWK ROAD,47272.2173913,44714.7536232,5217.0,2.20289855072,0.0507246376812,7.49565217391,0.0463768115942,7.59275362319
BENDIGO-MALDON ROAD,47831.0192308,44802.9230769,5202.0,2.0,0.517307692308,7.10384615385,0.528846153846,8.15
BENDIGO-MARYBOROUGH ROAD,47627.4786325,44792.6666667,5200.0,2.01709401709,0.48547008547,7.39230769231,0.536752136752,8.41196581197
BENDIGO-MURCHISON ROAD,54803.3826087,48960.1826087,5376.0,2.00869565217,0.558260869565,7.3252173913,0.424347826087,8.30782608696
BENDIGO-PYRAMID ROAD,54802.3181818,49195.8090909,5355.0,2.0,0.0727272727273,7.57727272727,0.0590909090909,7.70909090909
BENDIGO-REDESDALE ROAD,47603.1407035,44745.7638191,5175.0,1.96984924623,0.406532663317,7.20050251256,0.4,8.00703517588
BENDIGO-TENNYSON ROAD,53495.0967742,49333.7741935,5356.0,2.03225806452,0.0,7.17096774194,0.0,7.17096774194
BENGWORDEN ROAD,49107.46875,54784.84375,5613.0,2.0,0.1375,6.703125,0.1375,6.978125
BERWICK-BEACONSFIELD ROAD,35144.9469027,38705.9115044,5163.0,2.17699115044,0.0265486725664,8.1017699115,0.0,8.12831858407
BERWICK-CRANBOURNE ROAD,51424.7951807,59426.8855422,5768.0,2.50602409639,0.150602409639,9.30662650602,0.103614457831,9.56084337349
BIRCHIP-RAINBOW ROAD,34199.40625,38533.109375,5162.0,2.0,0.0,5.921875,0.0,5.921875
BIRCHIP-SEA LAKE ROAD,46898.5362319,44712.7536232,5258.0,1.92753623188,0.0376811594203,7.39855072464,0.0,7.43623188406
BIRCHIP-WYCHEPROOF ROAD,46982.6551724,44729.6896552,5252.0,2.0,0.0,7.16551724138,0.0,7.16551724138
BIRREGURRA ROAD,33095.7222222,34620.5,5015.0,2.0,0.0,7.08888888889,0.0,7.08888888889
BIRREGURRA-DEANS MARSH ROAD,33068.7692308,34290.3076923,5013.0,2.07692307692,0.0,7.56923076923,0.153846153846,7.72307692308
BIRREGURRA-FORREST ROAD,34138.53125,34577.15625,5014.0,2.0,0.0,6.796875,0.0,6.796875
BITTERN-DROMANA ROAD,52848.6170213,59910.212766,5754.0,1.65957446809,0.0,6.17872340426,0.242553191489,6.42127659574
BLACKBURN ROAD,47625.9681818,44755.3545455,5307.0,2.56363636364,0.0,8.93045454545,0.0,8.93045454545
BLACKSHAWS ROAD,53806.2608696,48764.0,5450.0,2.0,0.0,11.5434782609,0.0,11.5434782609
BLOOMFIELD ROAD,49376.0,54713.9565217,5531.0,2.0,0.0,7.57391304348,0.0,7.57391304348
BLUFF ROAD,63033.3333333,64238.3888889,5844.0,3.55555555556,0.0,11.15,0.0,11.15
BOGONG HIGH PLAINS ROAD,31798.4893617,29423.7446809,4010.0,2.02127659574,0.440425531915,8.04042553191,0.244680851064,8.72553191489
BOLTON ROAD,33935.2857143,38968.4285714,5077.0,2.0,1.28571428571,7.87142857143,0.0,9.15714285714
BONANG ROAD,63427.7816092,67630.5402299,5952.0,1.98850574713,0.0,6.91264367816,0.0,6.91264367816
BONEGILLA ROAD,45049.04,52147.12,5476.0,2.0,0.836,7.52,0.84,9.196
BOOLARRA ROAD,32625.4210526,29202.6315789,3010.0,2.0,0.0,6.88421052632,0.0,6.88421052632
BOOLARRA SOUTH-MIRBOO NORTH ROAD,63896.375,67082.5,5973.0,2.0,0.0,6.75,0.0,6.75
BOOLARRA-CHURCHILL ROAD,65757.3518519,65645.6481481,5907.0,2.0,1.7962962963,7.7462962963,1.47037037037,11.012962963
BOORT-CHARLTON ROAD,54338.2653061,49622.5102041,5342.0,2.0,0.0734693877551,7.11632653061,0.195918367347,7.38367346939
BOORT-KERANG ROAD,54066.5416667,48975.3333333,5340.0,2.02083333333,0.0,7.71666666667,0.0,7.71666666667
BOORT-MITIAMO ROAD,53568.7272727,49076.5454545,5347.0,2.0,0.0227272727273,7.66818181818,0.0227272727273,7.71363636364
BOORT-PYRAMID ROAD,54654.984127,49310.9047619,5339.0,2.0,0.0,8.00476190476,0.0,8.00476190476
BOORT-WEDDERBURN ROAD,54002.1935484,49434.3225806,5343.0,2.0,0.0,7.06129032258,0.0,7.06129032258
BOORT-WYCHEPROOF ROAD,53631.1016949,49109.7118644,5341.0,2.0,0.0406779661017,7.38305084746,0.0406779661017,7.46440677966
BORONIA ROAD,63192.5147679,67645.6751055,5920.0,2.40084388186,0.0,8.61434599156,0.0,8.61434599156
BORUNG HIGHWAY,25019.4224138,23668.3448276,2690.0,2.0,0.175862068966,7.3025862069,0.115517241379,7.59310344828
BOUNDARY ROAD,49984.5409836,50972.2622951,5494.60655738,2.29508196721,0.0983606557377,9.0606557377,0.0,9.15901639344
BRAESIDE-DANDENONG ROAD,45005.4171779,43902.4969325,5168.0,2.28834355828,0.0,8.32208588957,0.0,8.32208588957
BRANDY CREEK ROAD,49032.7901235,54553.6419753,5532.0,2.04938271605,0.525925925926,7.61975308642,0.445679012346,8.58888888889
BREAKWATER ROAD,66192.7,64012.3,5888.0,2.8,0.36,10.58,0.48,11.42
BRIAGOLONG ROAD,62547.9444444,67791.5,5953.0,2.0,1.36111111111,7.32777777778,1.08333333333,9.77222222222
BRIDGE (WARRNAMBOOL) ROAD,47626.3333333,44967.2222222,5211.0,2.0,0.288888888889,8.44444444444,0.622222222222,9.35555555556
BRIDGE ROAD,48505.0,45506.0,5285.0,3.0,0.0,11.8,0.0,11.8
BRIDGEWATER ROAD,32915.6666667,34429.037037,5043.0,2.0,0.0,7.31851851852,0.0,7.31851851852
BRIDGEWATER-DUNOLLY ROAD,47908.15625,44822.5,5227.0,2.0,0.09375,7.040625,0.09375,7.228125
BRIDGEWATER-MALDON ROAD,48039.8088235,44859.1617647,5203.0,2.0,0.0882352941176,7.35441176471,0.102941176471,7.54558823529
BRIDGEWATER-SERPENTINE ROAD,54851.56,49117.76,5346.0,2.0,0.0,7.812,0.0,7.812
BRIGHT-TAWONGA ROAD,46735.1428571,52075.8571429,5475.0,2.0,0.0714285714286,7.13571428571,0.0714285714286,7.27857142857
BROADFORD-FLOWERDALE ROAD,49395.1515152,54377.4393939,5514.0,2.0,0.513636363636,6.98181818182,0.333333333333,7.82727272727
BROADFORD-KILMORE ROAD,55424.3333333,48684.0555556,5427.0,2.2037037037,1.21481481481,8.23333333333,1.2,10.6481481481
BROADMEADOWS-TULLAMARINE ROAD,63207.9450549,64166.5604396,5873.0,2.59340659341,0.0208791208791,9.7043956044,0.0,9.72527472527
BROADWAY,49246.9736842,59325.8947368,5737.0,1.63157894737,0.0,5.99210526316,0.0,5.99210526316
BRODRIBB ROAD,62533.2777778,67782.3888889,5919.0,2.0,0.177777777778,7.33333333333,0.177777777778,7.68888888889
BRUNSWICK ROAD,63729.6969697,64143.5151515,5863.0,2.78787878788,0.0,10.0303030303,0.0,10.0303030303
BRUNSWICK STREET,29175.8333333,38213.1666667,5114.0,3.33333333333,0.0,14.3333333333,0.0,14.3333333333
BRUNTON AV,37338.25,39002.5,5101.0,4.0,0.0,13.3,0.0,13.3
BRUTHEN-NOWA NOWA ROAD,33957.1969697,38775.1969697,5113.0,2.25757575758,1.57727272727,8.58939393939,1.46818181818,11.6257575758
BUCHAN ROAD,49806.3636364,54656.0909091,5565.0,2.0,0.49696969697,6.71818181818,0.327272727273,7.53636363636
BUCKLAND GAP ROAD,50952.1071429,55204.8928571,5465.0,2.0,0.0,6.81785714286,0.0,6.81785714286
BUCKLEY STREET,49920.0,54481.0,5581.0,2.28571428571,0.0,9.96857142857,0.0,9.96857142857
BUFFALO RIVER ROAD,50188.5098039,54172.5882353,5489.0,2.0,0.137254901961,7.18431372549,0.141176470588,7.46274509804
BULLEEN HIGHWAY,12773.5490196,3160.8627451,2320.0,2.27450980392,0.0,9.06274509804,0.0,9.06274509804
BULLEEN ROAD,54064.1666667,50248.6666667,5363.0,3.66666666667,0.0,11.8166666667,0.0,11.8166666667
BUNGAREE-CRESWICK ROAD,48217.0,44813.3666667,5219.0,2.0,0.27,6.75,0.223333333333,7.24333333333
BUNGAREE-WALLACE ROAD,48589.0833333,55115.5,5593.0,2.0,0.183333333333,7.83333333333,0.0,8.01666666667
BUNURONG ROAD,35109.915493,34902.1267606,4025.0,2.0,0.354929577465,7.37323943662,0.291549295775,8.01971830986
BURKE ROAD,63635.744186,64180.127907,5874.0,2.62790697674,0.0,11.0023255814,0.0,11.0023255814
BURNLEY ROAD,47476.8148148,44779.5555556,5293.0,3.55555555556,0.0,11.0888888889,0.0,11.0888888889
BURNLEY-KEW ROAD,63334.0571429,64518.1142857,5856.0,3.77142857143,0.0,15.2657142857,0.0,15.2657142857
BURONGA-MILDURA SOUTH ROAD,47506.3870968,44657.8709677,5180.0,2.09677419355,1.0064516129,8.58709677419,0.387096774194,9.98064516129
BURWOOD HIGHWAY,31259.3636364,29245.607438,2750.0,2.97107438017,0.0185950413223,10.6665289256,0.0,10.6851239669
BURWOOD ROAD,43700.4210526,44426.4736842,5286.0,3.05263157895,0.0,15.2947368421,0.0,15.2947368421
BYRNESIDE-KYABRAM ROAD,53787.0540541,48747.2162162,5364.0,2.0,0.659459459459,7.91891891892,0.641891891892,9.22027027027
CALDER ALTERNATIVE HIGHWAY,14848.8103448,3060.56896552,2200.0,2.00862068966,1.98017241379,7.60775862069,1.75172413793,11.3267241379
CALDER HIGHWAY,9529.36376537,13296.2644276,2530.0,2.06622516556,1.96854304636,7.6417218543,1.3330179754,10.937653737
CAMBERWELL ROAD,46084.8,44770.7,5289.0,3.3,0.0,13.94,0.0,13.94
CAMERON DRIVE ROAD,32186.2,33726.2,4981.0,2.0,0.0,7.3,0.0,7.3
CAMPBELLFIELD-GREENSBOROUGH ROAD,63519.6470588,67598.3088235,5910.0,3.00735294118,0.0,10.6014705882,0.0,10.6014705882
CAMPERDOWN-COBDEN ROAD,33736.225,34817.8,5029.0,2.0,0.5,7.8575,0.495,8.85
CAMPERDOWN-LISMORE ROAD,62974.4675325,67612.012987,5961.0,2.0,0.525974025974,7.08051948052,0.506493506494,8.11298701299
CANTERBURY ROAD,61429.0185185,62429.1790123,5759.19958848,2.69547325103,0.0697530864198,9.16851851852,0.00411522633745,9.24197530864
CAPE OTWAY ROAD,48531.2857143,54440.7142857,5587.0,2.0,0.452380952381,6.65714285714,0.62380952381,7.73333333333
CARDINIA ROAD,32656.5294118,38366.2352941,5149.0,2.47058823529,0.529411764706,9.07647058824,0.588235294118,10.1941176471
CARLISLE STREET,49728.8,45266.2,5294.0,3.2,0.0,11.52,0.0,11.52
CARLISLE-COLAC ROAD,61892.9655172,68821.9655172,5905.0,2.0,0.0,6.46896551724,0.0,6.46896551724
CARRAJUNG-WOODSIDE ROAD,61631.6,67476.6,5925.0,2.0,0.0,6.44,0.0,6.44
CASTERTON-APSLEY ROAD,46890.4871795,44827.3333333,5246.0,2.0,0.0,6.23076923077,0.0,6.23076923077
CASTERTON-EDENHOPE ROAD,36466.7258065,39053.8225806,5146.0,2.0,0.0193548387097,6.61774193548,0.0193548387097,6.6564516129
CASTERTON-PENOLA ROAD,37488.3214286,38498.3571429,5148.0,2.0,0.0,6.41071428571,0.0,6.41071428571
CASTLEMAINE-MALDON ROAD,48029.2105263,44597.8421053,5204.0,2.0,0.742105263158,6.85263157895,0.426315789474,8.02105263158
CEMETERY ROAD,33981.2857143,38426.4285714,5075.28571429,4.28571428571,0.0,15.8142857143,0.0,15.8142857143
CENTRAL AV,54176.2631579,49382.0,5453.0,2.21052631579,0.0,10.1368421053,0.0,10.1368421053
CENTRE DANDENONG ROAD,61877.0,64418.5862069,5841.0,2.18965517241,0.0,9.09310344828,0.0,9.09310344828
CENTRE ROAD,47571.3717949,44701.5384615,5304.0,3.23076923077,0.0,11.7256410256,0.0,11.7256410256
CERES ROAD,65043.75,66068.5,5872.0,2.0,0.0,6.4,0.0,6.4
CHAMP STREET,47183.2,57266.6,5734.0,2.8,0.0,14.68,0.0,14.68
CHANDLER HIGHWAY,62336.48,64142.36,5859.0,2.16,0.0,7.58,0.0,7.58
CHANDLER MAIN ROAD,55951.125,49745.5,5431.0,2.75,0.0,9.5625,0.0,9.5625
CHANDLER ROAD,44345.5,44246.6666667,5169.0,3.83333333333,0.0,12.5083333333,0.0,12.5083333333
CHAPEL STREET,50304.8,54565.4,5490.0,3.0,0.0,13.68,0.0,13.68
CHARLTON-ST ARNAUD ROAD,47735.6363636,44895.0454545,5242.0,2.0,0.309090909091,6.99545454545,0.247727272727,7.55227272727
CHESTERVILLE ROAD,50846.3076923,44921.7692308,5317.0,3.15384615385,0.0,11.5769230769,0.0,11.5769230769
CHILDS ROAD,49065.3142857,54480.4285714,5603.0,2.02857142857,0.0,7.17857142857,0.0,7.17857142857
CHILTERN-HOWLONG ROAD,54568.2682927,49376.7317073,5424.0,2.0,0.187804878049,7.33658536585,0.1,7.6243902439
CHILTERN-RUTHERGLEN ROAD,54578.6571429,49135.7142857,5423.0,2.0,0.0342857142857,7.53714285714,0.222857142857,7.79428571429
CHURCH STREET,49266.1176471,54454.5294118,5487.29411765,3.0,0.0,10.4764705882,0.0,10.4764705882
CHURCHILL AV,53033.8181818,49545.3636364,5459.0,2.0,0.0,6.86363636364,0.0,6.86363636364
CHURCHILL-TRARALGON ROAD,63312.4583333,67576.6111111,5913.0,2.0,0.480555555556,7.55694444444,0.255555555556,8.28888888889
CITY ROAD,51172.8823529,53331.3529412,5325.0,4.05882352941,0.0,14.5529411765,0.0,14.5529411765
CIVIC DR,54689.0,54337.75,5608.0,2.0,0.0,6.8,0.0,6.8
CIVIC PDE,53197.8181818,49596.0909091,5452.0,2.0,0.0,7.89090909091,0.0,7.89090909091
CLARENDON STREET,49073.1363636,44681.4545455,5318.0,4.18181818182,0.0,18.6590909091,0.0,18.6590909091
CLEGG ROAD,50982.5,59531.45,5786.0,2.5,0.0,9.545,0.0,9.545
CLUNES-CRESWICK ROAD,47788.5,44716.8461538,5222.0,2.03846153846,0.0692307692308,7.02692307692,0.0692307692308,7.16538461538
CLYDE-FIVE WAYS ROAD,46173.0,45115.7,5213.0,2.0,0.0,8.62,0.0,8.62
COBDEN-PORT CAMPBELL ROAD,33622.78125,34595.125,5034.0,2.0,0.0927083333333,7.31145833333,0.0645833333333,7.46875
COBDEN-STONEYFORD ROAD,33984.2580645,34441.0645161,5032.0,2.0,0.516129032258,7.18709677419,0.58064516129,8.28387096774
COBDEN-TERANG ROAD,33987.2089552,34454.5074627,5030.0,2.0,0.979104477612,7.88955223881,0.717910447761,9.58507462687
COBDEN-WARRNAMBOOL ROAD,33059.5972222,34581.9444444,5036.0,2.0,0.577777777778,7.42916666667,0.640277777778,8.64722222222
COBRAM SOUTH ROAD,54204.6,48391.1,5399.0,2.2,0.0,8.7,0.0,8.7
COBRAM-KOONOOMOO ROAD,55764.4210526,49389.3157895,5398.0,2.0,0.873684210526,8.71578947368,0.810526315789,10.4
COBURG-CRAIGIEBURN ROAD,49499.4891641,54520.0185759,5500.0,2.66563467492,0.59907120743,9.6613003096,0.0111455108359,10.2687306502
COHUNA-ECHUCA ROAD,54811.3076923,49549.7692308,5357.0,2.30769230769,0.0,9.04615384615,0.461538461538,9.50769230769
COHUNA-KOONDROOK ROAD,54125.4444444,49264.3703704,5335.0,2.14814814815,0.285185185185,8.17777777778,0.288888888889,8.74814814815
COHUNA-LEITCHVILLE ROAD,53723.9782609,49289.173913,5337.0,1.9347826087,0.110869565217,7.40869565217,0.0913043478261,7.60869565217
COLAC-BALLARAT ROAD,35767.0404624,38870.0867052,5074.0,2.0,0.138728323699,7.05838150289,0.102312138728,7.29884393064
COLAC-FORREST ROAD,33179.7647059,34590.6470588,5017.0,2.04411764706,0.629411764706,7.29411764706,0.719117647059,8.63970588235
COLAC-LAVERS HILL ROAD,33449.4086022,34578.8172043,5018.0,2.06451612903,0.897849462366,7.34516129032,0.893010752688,9.13225806452
COLERAINE-BALMORAL ROAD,36461.8333333,38842.5238095,5144.0,2.0,0.0,6.1880952381,0.0,6.1880952381
COLERAINE-EDENHOPE ROAD,32939.421875,38592.15625,5145.0,2.0,0.071875,6.4625,0.14375,6.678125
COLERAINE-MERINO ROAD,37039.2857143,39947.7142857,5151.0,2.0,0.0,7.44285714286,0.0,7.44285714286
COLLEGE CR,29076.6,37930.2,5079.0,4.0,0.0,14.6,0.0,14.6
COMBIENBAR ROAD,32835.0526316,29637.5263158,3000.0,1.84210526316,0.0,5.94210526316,0.0,5.94210526316
COMMERCIAL ROAD,33348.0,34787.8,5005.0,3.0,0.0,18.16,0.0,18.16
CONDAH-COLERAINE ROAD,48313.6969697,44910.4848485,5230.0,2.0,0.0666666666667,7.41818181818,0.0666666666667,7.55151515152
COOK STREET,63170.4166667,67499.6666667,5986.0,3.41666666667,0.0,12.5833333333,0.0,12.5833333333
COOLART ROAD,46649.8846154,58521.2307692,5715.0,2.0,0.161538461538,6.76923076923,0.161538461538,7.09230769231
COOPER STREET,48757.8189655,54452.3965517,5606.0,2.18103448276,0.0172413793103,7.47155172414,0.0827586206897,7.57155172414
CORINELLA ROAD,63066.8461538,67921.5384615,5924.0,2.0,0.0,6.82307692308,0.0,6.82307692308
CORIO-WAURN PONDS ROAD,31188.3950276,29274.3342541,2800.0,2.61878453039,0.232320441989,9.28066298343,0.0875690607735,9.60055248619
COROROOKE ROAD,62128.0,69008.7333333,5904.0,2.0,0.788888888889,7.22666666667,0.193333333333,8.20888888889
COTHAM ROAD,63076.3333333,68008.5,5926.0,3.0,0.0,13.7666666667,0.0,13.7666666667
CRAIGIEBURN ROAD,35469.5616438,38809.5342466,5106.0,2.30136986301,0.46301369863,8.7602739726,0.53698630137,9.7602739726
CRANBOURNE-FRANKSTON ROAD,50977.7329975,59510.9874055,5765.0,2.06549118388,0.063476070529,7.38589420655,0.0,7.44937027708
CRANBOURNE-NARRE WARREN ROAD,63013.3924051,67795.1772152,5903.0,2.21518987342,0.0,7.93481012658,0.00949367088608,7.94430379747
CRESWICK-NEWSTEAD ROAD,35029.0,38783.637931,5154.0,2.0,0.0413793103448,7.12413793103,0.0172413793103,7.18275862069
CROYDON-SCORESBY ROAD,54294.5,49133.1203704,5422.0,2.89814814815,0.0648148148148,9.91481481481,0.0648148148148,10.0425925926
CROYDON-WARRANDYTE ROAD,55106.7560976,48851.3170732,5430.0,2.0,0.175609756098,8.27317073171,0.0878048780488,8.53658536585
CUDGEWA-TINTALDRA ROAD,51722.7105263,53652.6578947,5487.0,2.0,0.0,6.64210526316,0.131578947368,6.77368421053
CUMBERLAND ROAD,52807.0,59687.7142857,5749.0,2.0,0.0,12.7142857143,0.0,12.7142857143
CUMMINS ROAD,64351.75,64882.0,5846.0,4.0,0.0,13.3,0.0,13.3
CURZON STREET,33063.1333333,33832.4,5027.0,2.13333333333,0.0,6.98,0.0,6.98
DALTON ROAD,49355.8571429,54423.4190476,5605.0,2.31428571429,0.0361904761905,7.66857142857,0.0,7.70476190476
DANDENONG BYPASS HIGHWAY,7463.56730769,9233.55769231,2420.0,2.76923076923,1.07692307692,10.0596153846,0.481730769231,11.6096153846
DANDENONG VALLEY HIGHWAY,14065.3366762,3114.76504298,2090.0,2.52148997135,0.0561604584527,9.20959885387,0.0,9.26575931232
DAREBIN ROAD,45500.8666667,44489.9333333,5192.0,4.0,0.0,12.9066666667,0.0,12.9066666667
DARGO ROAD,49201.3809524,54522.0238095,5559.0,1.9880952381,0.190476190476,6.85,0.142857142857,7.18333333333
DARLINGTON ROAD,36262.0,38443.6666667,5094.0,2.0,0.075,6.77083333333,0.075,6.92083333333
DARTMOOR-HAMILTON ROAD,34531.0869565,38823.9565217,5150.0,2.0,0.0686956521739,7.26782608696,0.0782608695652,7.41391304348
DARTMOUTH ROAD,30668.7647059,29198.4117647,4009.0,2.0,0.0,7.17058823529,0.0,7.17058823529
DAVEY-HASTINGS ROAD,54903.3947368,47251.1578947,5167.0,2.02631578947,0.0,7.52631578947,0.0,7.52631578947
DAWSON STREET,65716.0,66979.0,5977.0,5.0,0.0,25.0,0.0,25.0
DAYLESFORD-BALLARAT ROAD,47204.4375,44522.03125,5220.0,2.0625,1.0,7.659375,0.98125,9.640625
DAYLESFORD-MALMSBURY ROAD,47519.2333333,44707.2666667,5197.0,2.0,0.0,7.38333333333,0.0,7.38333333333
DAYLESFORD-NEWSTEAD ROAD,47666.8333333,44571.2333333,5212.0,2.06666666667,0.16,7.07,0.18,7.41
DAYLESFORD-TRENTHAM ROAD,46767.3428571,44809.8,5195.0,2.02857142857,0.525714285714,7.55428571429,0.5,8.58
DEANS MARSH-LORNE ROAD,63774.675,67679.95,5958.0,2.0,0.5775,6.5375,0.175,7.29
DEDERANG ROAD,46364.5384615,56843.9230769,5468.0,2.15384615385,0.0,7.04615384615,0.0,7.04615384615
DELACOMBE-WENDOUREE ROAD,50000.4333333,54507.65,5497.0,2.2,1.13666666667,9.22833333333,0.186666666667,10.5516666667
DEVON ROAD,64095.625,67416.0,5934.0,2.0,0.1,7.9375,0.475,8.5125
DIGGERS REST-COIMADAI ROAD,64071.0909091,64235.9545455,5829.0,2.04545454545,0.661363636364,7.92045454545,0.652272727273,9.23409090909
DIMBOOLA ROAD,62418.9230769,67814.0769231,5966.0,2.0,0.0,6.72307692308,0.0,6.72307692308
DIMBOOLA-RAINBOW ROAD,33378.1948052,34495.038961,5051.0,2.01298701299,0.61038961039,7.36883116883,0.579220779221,8.55844155844
DIMBOOLA-WARRACKNABEAL ROAD,32213.0,36067.5,5050.0,2.0,0.6,8.55,0.6,9.75
DOCK LINK ROAD,40872.3333333,40350.8333333,5095.0,3.83333333333,0.0,15.5166666667,0.0,15.5166666667
DOCKLANDS HIGHWAY,14363.4262295,3141.43715847,2120.0,2.86338797814,0.122404371585,10.3972677596,0.0327868852459,10.5524590164
DOHERTYS ROAD,54841.9782609,49193.8478261,5449.0,1.69565217391,0.0,6.99130434783,0.0,6.99130434783
DON ROAD,49862.7391304,54658.3913043,5521.0,2.0,0.0,7.35652173913,0.0,7.35652173913
DONALD-MURTOA ROAD,47214.5964912,44765.4035088,5271.0,2.0,0.159649122807,7.26842105263,0.249122807018,7.67719298246
DONALD-STAWELL ROAD,36202.1384615,38597.6615385,5155.0,2.0,0.215384615385,6.86461538462,0.138461538462,7.21846153846
DONALD-SWAN HILL ROAD,47685.6931818,44764.4772727,5250.0,2.0,0.0431818181818,7.32045454545,0.0727272727273,7.43636363636
DONCASTER ROAD,63070.3024691,64307.2345679,5805.0,3.0,0.0,10.5339506173,0.0,10.5339506173
DONCASTER-ELTHAM ROAD,64297.6261682,64178.2616822,5901.0,2.32710280374,0.0,8.33551401869,0.0,8.33551401869
DONCASTER-MORDIALLOC ROAD,63605.0138889,64117.6180556,5803.0,3.19791666667,0.0,10.8663194444,0.0,10.8663194444
DONNA BUANG ROAD,33391.2857143,34441.75,4831.0,2.0,0.285714285714,7.20357142857,0.414285714286,7.9
DONNYBROOK ROAD,39828.48,40759.1,5055.0,2.0,0.892,7.52,0.812,9.222
DOOKIE-DEVENISH ROAD,54247.6,49381.8,5410.0,2.0,0.0,6.65333333333,0.0,6.65333333333
DOOKIE-NALINGA ROAD,53350.0,48804.7777778,5411.0,2.0,0.0833333333333,6.50555555556,0.0833333333333,6.67222222222
DOOKIE-SHEPPARTON ROAD,54679.0,48886.4920635,5409.0,2.0,0.28253968254,8.31111111111,0.187301587302,8.78095238095
DOOKIE-VIOLET TOWN ROAD,54907.1111111,49531.1111111,5413.0,2.0,0.0,6.04444444444,0.0,6.04444444444
DORSET ROAD,51966.8603352,59520.7821229,5784.0,2.45251396648,0.0,8.93240223464,0.0,8.93240223464
DOUGLAS PDE,47692.3333333,44509.4444444,5207.0,1.88888888889,0.0,7.87777777778,0.0,7.87777777778
DROUIN-KORUMBURRA ROAD,49017.7045455,54437.9431818,5688.0,2.0,0.0420454545455,7.20227272727,0.0420454545455,7.28636363636
DROUIN-WARRAGUL ROAD,49340.9177215,54419.0253165,5594.0,1.98101265823,0.417088607595,7.73037974684,0.192405063291,8.33987341772
DRUMMOND STREET,48565.875,45058.375,5185.0,2.3125,1.075,11.13125,1.075,13.28125
DRYBURGH STREET,30985.8571429,38439.5714286,5066.0,2.42857142857,0.0,8.01428571429,0.0,8.01428571429
DRYSDALE-OCEAN GROVE ROAD,62944.3272727,64139.0727273,5857.0,2.0,0.843636363636,8.00727272727,1.06727272727,9.91454545455
DRYSDALE-ST LEONARDS ROAD,63728.1190476,63967.6190476,5836.0,2.0,0.778571428571,7.55476190476,1.05714285714,9.39047619048
DUDLEY STREET,33382.5625,35210.0,5040.0,4.0,0.0,13.75,0.0,13.75
DUMOSA-QUAMBATOOK ROAD,51591.6451613,45938.0967742,5330.0,2.0,0.0,6.25806451613,0.0,6.25806451613
DUNACH-EDDINGTON ROAD,63035.5609756,67687.6585366,5975.0,2.0,0.492682926829,7.09268292683,0.492682926829,8.07804878049
DUNCANS ROAD,63210.8863636,64436.0909091,5831.0,2.06818181818,0.511363636364,8.15681818182,0.511363636364,9.17954545455
DUNKELD-CAVENDISH ROAD,37912.1333333,38776.3,5115.0,2.0,0.0,6.52,0.0,6.52
DUNOLLY-EDDINGTON ROAD,49162.0,44871.1818182,5229.0,2.0,0.0,7.65454545455,0.0,7.65454545455
DUNOLLY-MOLIAGUL ROAD,49778.7692308,44888.1538462,5232.0,2.0,0.184615384615,7.86153846154,0.184615384615,8.23076923077
DYNON ROAD,34499.5,34588.3125,5035.0,2.5625,0.0,9.25625,0.0,9.25625
EAST BOUNDARY ROAD,48418.9833333,44915.1166667,5316.0,2.1,0.0,6.72,0.0,6.72
EASTBOURNE ROAD,48450.0,58950.25,5759.0,4.0,0.0,12.7,0.0,12.7
EASTERN HIGHWAY,31425.797619,29312.8452381,2830.0,3.58333333333,2.70357142857,12.7023809524,2.07261904762,17.4773809524
EASTLINK (RINGWOOD CONNECTION) FREEWAY,29165.0,29037.625,2995.0,3.875,1.2,13.5625,0.375,15.1375
EASTLINK TOLLWAY FREEWAY,31499.1851852,29212.5555556,2996.0,3.18518518519,3.22222222222,11.3851851852,2.77777777778,17.3851851852
ECHUCA-KYABRAM ROAD,54529.7051282,49188.8333333,5359.0,2.0,0.317948717949,7.42307692308,0.220512820513,7.96153846154
ECHUCA-MITIAMO ROAD,54717.0185185,49266.8888889,5348.0,2.0,0.3,6.77037037037,0.32037037037,7.38888888889
ECHUCA-MOOROOPNA ROAD,54589.3225806,49005.5806452,5366.0,2.0564516129,0.574193548387,8.34032258065,0.684677419355,9.59596774194
EDENHOPE-PENOLA ROAD,47757.3181818,45049.8181818,5253.0,2.0,0.190909090909,6.6,0.190909090909,6.98181818182
EDGARS ROAD,33543.0344828,34490.0948276,5000.0,2.01724137931,0.0,7.51120689655,0.0,7.51120689655
EDGECOMBE ROAD,34597.6,38116.1,5108.0,2.0,0.0,7.94,0.0,7.94
ELEVENTH STREET,47913.3636364,45496.7272727,5179.0,1.72727272727,1.49090909091,6.94545454545,0.218181818182,8.65454545455
ELGAR ROAD,63965.6896552,64139.1034483,5899.0,3.65517241379,0.0,11.4637931034,0.0,11.4637931034
ELIZABETH STREET,40525.72,40521.56,5211.36,3.76,0.0,21.26,0.0,21.26
ELLIOT AV,36025.2857143,38784.4285714,5069.0,1.85714285714,0.0,6.51428571429,0.0,6.51428571429
ELM GV,63898.25,67959.75,5989.0,1.75,0.0,5.85,0.0,5.85
ELMORE-RAYWOOD ROAD,54621.2,49218.3,5354.0,2.0,0.0,6.5325,0.0,6.5325
ELTHAM-YARRA GLEN ROAD,50756.2727273,59386.8458498,5790.0,2.02371541502,0.187351778656,7.68102766798,0.220948616601,8.08932806324
EMERALD-MONBULK ROAD,53511.6764706,59835.0294118,5778.0,2.0,0.0,7.23823529412,0.0,7.23823529412
EPPING ROAD,63362.6179775,64113.3370787,5817.0,2.44943820225,0.0,9.03370786517,0.0,9.03370786517
EPPING-KILMORE ROAD,49778.82,54526.1066667,5515.0,2.1,1.09266666667,7.83933333333,1.098,10.028
EPSOM ROAD,50087.0,54702.0625,5602.0,3.4375,0.0,14.3625,0.0,14.3625
ETTRICK-TYRENDARRA ROAD,33898.3076923,38365.6153846,5118.0,2.0,0.376923076923,7.86153846154,0.376923076923,8.61538461538
EUROA MAIN ROAD,63762.2777778,67580.6944444,5985.0,2.0,0.916666666667,8.42777777778,1.05555555556,10.4
EUROA-MANSFIELD ROAD,49575.35,54472.95,5505.0,2.0,0.105,7.4225,0.105,7.6325
EUROA-SHEPPARTON ROAD,54117.5306122,49387.6734694,5416.0,2.0,0.222448979592,7.21224489796,0.373469387755,7.80816326531
FAIRBAIRN ROAD,49149.2307692,54390.5,5575.0,2.0,0.0,8.28461538462,0.0,8.28461538462
FAIRFIELD-RESERVOIR ROAD,62025.7659574,64438.0212766,5860.0,2.36170212766,0.0,7.54893617021,0.0,7.54893617021
FARNSWORTH AV,50087.0,54773.15,5599.0,2.1,0.0,8.155,0.0,8.155
FERNTREE GULLY ROAD,51488.4373464,59467.4938575,5799.0,2.75921375921,0.0936117936118,9.72137592138,0.0,9.81498771499
FERRARS STREET,33553.125,38580.8,5130.0,2.125,0.0,6.9875,0.0,6.9875
FISH CREEK-FOSTER ROAD,48404.75,54403.4166667,5652.0,2.0,0.0,8.14166666667,0.0,8.14166666667
FITZGERALD ROAD,34208.875,38940.5833333,5137.0,2.0,0.0,7.0875,0.0,7.0875
FITZROY STREET,62914.3,67851.5,5932.0,3.0,0.0,22.28,0.0,22.28
FLEMINGTON ROAD,34635.4615385,34756.5769231,5044.0,4.69230769231,0.0,26.05,0.0,26.05
FLETCHER ROAD,63209.7297297,67581.5135135,5974.0,2.0,0.0,6.93513513514,0.0,6.93513513514
FOOTSCRAY-SUNSHINE ROAD,64401.0967742,64532.2258065,5877.0,3.64516129032,0.0,14.0322580645,0.0,14.0322580645
FOREST ROAD,63513.2647059,67478.4411765,5936.0,1.79411764706,0.491176470588,6.97647058824,0.547058823529,8.01470588235
FORREST-APOLLO BAY ROAD,34239.9183673,34603.3877551,5023.0,2.0,0.971428571429,6.84489795918,0.914285714286,8.7306122449
FORSTER ROAD,54368.5769231,49299.6923077,5460.0,2.92307692308,0.0,10.1615384615,0.0,10.1615384615
FORSYTH ROAD,63405.5454545,67598.0,5933.0,2.36363636364,0.581818181818,11.0454545455,0.581818181818,12.2090909091
FOSTER-PROMONTORY ROAD,63396.3125,64282.8125,5900.0,2.0,0.0,7.20625,0.0,7.20625
FOXHOW ROAD,34067.754386,38817.6315789,5088.0,2.0,0.126315789474,6.08771929825,0.126315789474,6.34035087719
FRANKSTON FREEWAY,31336.8983051,29314.8305085,2840.0,2.25423728814,2.75084745763,8.31186440678,0.861016949153,11.9220338983
FRANKSTON-FLINDERS ROAD,51386.6394231,59587.7548077,5757.0,2.07211538462,0.432692307692,7.92836538462,0.282692307692,8.64375
FRIEND IN HAND ROAD,62771.375,63931.0,5879.0,2.0,0.0,7.3375,0.0,7.3375
FULLARD ROAD,35961.2857143,39868.2857143,5058.0,2.85714285714,0.0,10.5142857143,0.0,10.5142857143
FURLONG ROAD,46908.9166667,45006.1666667,5215.0,2.83333333333,0.0,10.3916666667,0.0,10.3916666667
FYANSFORD-CORIO ROAD,63141.5172414,64215.8850575,5881.0,2.77011494253,0.0,9.55402298851,0.0,9.55402298851
FYANSFORD-GHERINGHAP ROAD,36180.9666667,39063.6,5063.0,2.0,0.27,6.90666666667,0.15,7.32666666667
GAFFNEY STREET,50200.4736842,59068.5263158,5730.0,2.21052631579,0.0,9.34210526316,0.0,9.34210526316
GARRETTS ROAD,61982.0,67882.0,5918.0,2.0,0.0,7.4,0.0,7.4
GEELONG-BACCHUS MARSH ROAD,34477.1809524,38781.6857143,5060.0,2.14761904762,0.987142857143,7.92,0.88619047619,9.79238095238
GEELONG-BALLAN ROAD,34173.7830189,38709.490566,5062.0,2.0,0.644339622642,6.95094339623,0.604716981132,8.2
GEELONG-PORTARLINGTON ROAD,33842.3112948,34596.2837466,5001.0,2.0523415978,0.785674931129,7.50055096419,0.47520661157,8.7608815427
GELANTIPY ROAD,50077.6666667,54250.962963,5570.0,2.0,0.0666666666667,6.45185185185,0.0481481481481,6.56666666667
GELLIBRAND RIVER ROAD,30984.5,34452.8333333,5028.0,2.0,0.0,5.9,0.0,5.9
GEMBROOK ROAD,47794.75,54453.8333333,5523.0,2.0,0.0,6.475,0.0,6.475
GEMBROOK-LAUNCHING PLACE ROAD,49372.8333333,54500.8333333,5522.0,2.0,0.0,6.28888888889,0.0,6.28888888889
GEORGE STREET,26255.0,41078.0,5091.0,4.0,0.0,12.8,0.0,12.8
GIRGARRE-RUSHWORTH ROAD,54609.9473684,48537.6578947,5371.0,2.0,0.0473684210526,7.69473684211,0.0473684210526,7.78684210526
GISBORNE-KILMORE ROAD,54352.6785714,48939.9732143,5396.0,2.07142857143,0.489285714286,7.7375,0.533928571429,8.76071428571
GISBORNE-MELBOURNE ROAD,35642.8095238,34175.047619,5049.0,2.04761904762,0.214285714286,8.10952380952,0.238095238095,8.5619047619
GISBORNE-MELTON ROAD,63406.8271605,64190.1604938,5827.0,2.12345679012,0.812345679012,8.16419753086,0.703703703704,9.68024691358
GLADSTONE STREET,52474.7272727,49989.9090909,5426.0,2.27272727273,0.690909090909,9.7,0.527272727273,10.9090909091
GLEN EIRA-NEERIM ROAD,46786.3703704,44581.5185185,5296.0,2.85185185185,0.0,9.62592592593,0.0,9.62592592593
GLENELG HIGHWAY,25109.8003096,23889.4272446,2670.0,2.06037151703,0.656501547988,7.77956656347,0.64520123839,9.07941176471
GLENFERRIE ROAD,47604.125,44841.75,5310.0,3.125,0.0,12.9375,0.0,12.9375
GLENHUNTLY ROAD,49018.0,45016.5,5297.0,3.0,0.0,10.2333333333,0.0,10.2333333333
GLENROWAN-MYRTLEFORD ROAD,50209.9054054,54693.527027,5574.0,2.0,0.458108108108,7.61756756757,0.302702702703,8.37837837838
GLENROY ROAD,54619.0,61313.0,5725.0,4.0,0.0,15.0,0.0,15.0
GOLDEN SQUARE-LONG GULLY ROAD,62395.6097561,64074.5121951,5835.0,2.0,0.0439024390244,7.85365853659,0.0,7.89756097561
GOLDEN SQUARE-QUARRY HILL ROAD,47371.3061224,44647.2857143,5173.0,2.24489795918,0.0,8.27551020408,0.0,8.27551020408
GORDON STREET,52424.5333333,48994.6666667,5462.0,3.33333333333,0.0,12.1533333333,0.0,12.1533333333
GOULBURN VALLEY HIGHWAY,25038.2484009,23866.4285714,2640.0,2.06609808102,1.27707889126,7.60607675906,1.03347547974,9.91567164179
GRAHAM STREET,48915.9444444,58415.8333333,5717.0,2.0,0.0,7.43611111111,0.0,7.43611111111
GRAMPIANS ROAD,33226.7169811,34369.8113208,4851.0,2.0,0.201886792453,7.15471698113,0.116981132075,7.47358490566
GRANGE ROAD,57872.5,59562.8181818,5747.95454545,2.40909090909,0.0,12.0272727273,0.0,12.0272727273
GRANT STREET,48452.3636364,44698.2727273,5183.0,2.0,0.845454545455,12.0272727273,0.845454545455,13.7181818182
GRANTHAM STREET,61946.0,69344.5,5976.0,3.0,0.0,14.3,0.0,14.3
GRANYA ROAD,52298.8571429,60101.8571429,5752.0,2.0,0.0714285714286,6.7,0.0714285714286,6.84285714286
GREAT ALPINE ROAD,31306.3678161,29207.2873563,4005.0,1.99616858238,0.632950191571,7.36704980843,0.653639846743,8.65153256705
GREAT OCEAN ROAD,33720.7243852,34592.3514344,4890.0,2.01946721311,0.904918032787,7.07694672131,0.85368852459,8.83452868852
GREENSBOROUGH HIGHWAY,31679.6788991,29383.4495413,2850.0,3.24770642202,0.183486238532,11.576146789,0.124770642202,11.8844036697
GRETA ROAD,50694.4722222,54389.8888889,5492.0,2.0,0.755555555556,9.09166666667,0.788888888889,10.6361111111
GRIEVE PDE,54273.9032258,49038.1774194,5446.0,2.29032258065,0.0,8.00806451613,0.0,8.00806451613
GRIMSHAW STREET,48562.9166667,60131.5833333,5718.0,2.16666666667,0.0,8.575,0.0,8.575
HALLAM ROAD,34191.5696203,37847.3164557,5057.0,2.06962025316,0.0,7.85569620253,0.0,7.85569620253
HAMILTON HIGHWAY,31233.4502814,29191.0675422,2780.0,1.98123827392,0.523452157598,7.39024390244,0.465290806754,8.37823639775
HAMILTON-PORT FAIRY ROAD,35118.8235294,38781.245098,5129.0,2.0,0.0,7.26470588235,0.0294117647059,7.29411764706
HAMPTON STREET,47754.4090909,44799.0,5314.0,2.5,0.0,8.85,0.0,8.85
HAPPY VALLEY ROAD,51422.1351351,53611.9459459,5470.0,2.0,0.135135135135,6.72162162162,0.0540540540541,6.91081081081
HARKER STREET,33645.6666667,34953.8333333,5026.0,2.0,0.0,6.63333333333,0.0,6.63333333333
HARP ROAD,51430.5,49616.75,5438.0,4.0,0.0,13.5,0.0,13.5
HARROW-BALMORAL ROAD,36103.5333333,39003.8666667,5143.0,2.0,0.0,5.40666666667,0.0,5.40666666667
HATTAH-ROBINVALE ROAD,47475.9791667,44973.5625,5176.0,2.10416666667,0.216666666667,7.5125,0.0791666666667,7.80625
HAWTHORN ROAD,45666.3333333,44712.6666667,5299.0,3.13333333333,0.0,13.5333333333,0.0,13.5333333333
HEALESVILLE-KINGLAKE ROAD,50532.8059701,59508.0149254,5791.0,2.0,0.223880597015,7.06865671642,0.223880597015,7.51343283582
HEALESVILLE-KOO-WEE-RUP ROAD,52011.1726619,59601.3381295,5770.0,1.9928057554,0.0395683453237,7.68417266187,0.0194244604317,7.74316546763
HEALESVILLE-YARRA GLEN ROAD,50557.0967742,59442.3225806,5787.0,2.06451612903,0.329032258065,8.03548387097,0.148387096774,8.51290322581
HEATHCOTE-KYNETON ROAD,46792.5309735,44717.7079646,5290.0,2.0,0.353982300885,6.94778761062,0.461061946903,7.7610619469
HEATHCOTE-NAGAMBIE ROAD,54362.3392857,49277.3928571,5378.0,2.0,0.0267857142857,6.81785714286,0.0535714285714,6.89821428571
HEATHCOTE-ROCHESTER ROAD,54511.6197183,49419.0,5377.0,2.08450704225,0.139436619718,7.61549295775,0.178873239437,7.9338028169
HEATHERTON ROAD,63128.1212121,67662.520202,5970.0,2.79797979798,0.0,9.93838383838,0.030303030303,9.96868686869
HEATHS ROAD,54373.7985075,49105.6268657,5443.0,1.57462686567,0.0,6.04626865672,0.250746268657,6.29701492537
HEIDELBERG ROAD,63814.3673469,64403.9387755,5812.0,2.42857142857,0.0,7.87755102041,0.0,7.87755102041
HEIDELBERG-KINGLAKE ROAD,63056.4537815,64243.4915966,5811.0,2.18487394958,0.23025210084,7.74789915966,0.0819327731092,8.06008403361
HEIDELBERG-WARRANDYTE ROAD,62880.9180328,64244.7213115,5809.0,2.14754098361,0.12131147541,8.18278688525,0.109836065574,8.41393442623
HENDY MAIN ROAD,32086.6896552,34753.2413793,5011.0,2.0,0.0344827586207,6.98620689655,0.206896551724,7.2275862069
HENTY HIGHWAY,22920.4253076,22921.1353251,2620.0,2.02108963093,0.820913884007,7.50369068541,0.731634446397,9.0546572935
HEPBURN SPRINGS ROAD,30272.5,28942.375,4015.0,2.0,0.6,8.48125,0.6,9.68125
HIGH STREET,55382.1711027,61151.2281369,5792.92395437,2.68441064639,0.0,9.94828897338,0.0,9.94828897338
HIGHBURY ROAD,48016.7037037,45039.2222222,5302.0,3.44444444444,0.0,12.1592592593,0.0,12.1592592593
HODDLE HIGHWAY,15410.7254902,3135.18627451,2080.0,3.77450980392,0.0,13.0568627451,0.0,13.0568627451
HODDLE MAIN ROAD,65649.8076923,63978.6153846,5850.0,3.03846153846,0.0,10.5884615385,0.0,10.5884615385
HOFFMANS ROAD,53888.6,54118.0,5584.0,2.4,0.0,10.62,0.0,10.62
HOPETOUN-RAINBOW ROAD,47004.1875,44918.3125,5263.0,2.0,0.15625,6.25,0.20625,6.6125
HOPETOUN-SEA LAKE ROAD,48094.3243243,44882.5945946,5260.0,2.05405405405,0.183783783784,6.5972972973,0.0918918918919,6.87297297297
HOPETOUN-WALPEUP ROAD,48090.4705882,45037.4313725,5262.0,2.0,0.0352941176471,6.61176470588,0.0352941176471,6.68235294118
HOPKINS HIGHWAY,14842.4698795,3211.47590361,2010.0,2.01204819277,0.288554216867,7.55060240964,0.271084337349,8.11024096386
HOPKINS STREET,52577.6666667,48251.6666667,5455.0,2.0,0.0,7.46666666667,0.0,7.46666666667
HOPKINS-WHITEHALL STREET,63522.8421053,64153.4736842,5880.0,2.0,0.0,8.74736842105,0.0,8.74736842105
HORSHAM-DRUNG SOUTH ROAD,46913.6111111,44919.0,5274.0,2.05555555556,0.111111111111,6.36666666667,0.111111111111,6.58888888889
HORSHAM-KALKEE ROAD,47977.35,44844.65,5273.0,2.025,0.865,7.165,0.3,8.3275
HORSHAM-MINYIP ROAD,63369.0526316,67409.9473684,5946.0,2.0,0.0,6.66315789474,0.0,6.66315789474
HORSHAM-NORADJUHA ROAD,33179.2857143,38607.7857143,5139.0,2.0,0.0,6.15714285714,0.0,6.15714285714
HOTHAM STREET,45517.6,54242.6,5596.0,3.8,0.0,13.43,0.0,13.43
HULL ROAD,54541.7,50074.2,5432.0,2.2,0.0,12.05,0.0,12.05
HUME HIGHWAY,13925.6049638,16085.8169597,2550.0,2.0113753878,2.60589451913,7.58624612203,1.53991726991,11.7085832472
HUME LINK HIGHWAY,18079.5333333,18944.7111111,2553.0,2.0,0.0333333333333,7.33111111111,0.0,7.36444444444
HUNTINGDALE ROAD,47072.6619718,44801.915493,5306.0,2.6338028169,0.0,10.1577464789,0.0,10.1577464789
HYDE STREET,45941.8333333,45001.1666667,5199.0,3.0,0.0,10.35,0.0,10.35
HYLAND HIGHWAY,13882.6226415,3029.27044025,2170.0,2.0,0.795597484277,7.61572327044,0.420754716981,8.83018867925
INVERLEIGH-SHELFORD ROAD,35460.0,38753.6666667,5076.0,2.0,0.0,6.12222222222,0.0,6.12222222222
INVERLEIGH-WINCHELSEA ROAD,33855.5,38760.0833333,5073.0,2.0,0.0,6.59583333333,0.0,6.59583333333
INVERLOCH-VENUS BAY ROAD,48793.452381,54452.6666667,5662.0,2.0,0.333333333333,6.95714285714,0.333333333333,7.61904761905
IRONBARK ROAD,31115.75,38252.0,5119.0,4.0,0.0,12.0,0.0,12.0
IRONBARK-WHITE HILLS ROAD,44902.3617021,43258.8829787,5166.0,2.42553191489,0.063829787234,7.68085106383,0.0,7.74468085106
JACKSONS ROAD,47451.1944444,44471.8888889,5170.0,3.05555555556,0.0555555555556,11.5222222222,0.0,11.5777777778
JAMIESON-LICOLA ROAD,28806.0,28283.75,3241.0,1.25,0.0,5.9,0.0,5.9
JASPER ROAD,63800.6923077,64487.2307692,5847.0,2.92307692308,0.0,11.4230769231,0.0,11.4230769231
JELLS ROAD,47428.3571429,44743.8571429,5308.0,3.42857142857,0.0,10.95,0.0,10.95
JEPARIT-WARRACKNABEAL ROAD,47528.8918919,44693.1891892,5191.0,2.0,0.0,5.75945945946,0.0,5.75945945946
JOHNSTON STREET,60926.75,62653.25,5853.0,4.0,0.0,13.175,0.0,13.175
JOHNSTON STREETREET BRIDGE,64361.0,63972.5,5854.0,4.5,0.0,19.05,0.0,19.05
JOLIMONT ROAD,34991.375,38416.75,5125.0,2.125,0.0,7.5875,0.0,7.5875
KANGAROO GROUND-ST ANDREWS ROAD,54235.08,48675.52,5436.0,2.0,0.488,7.368,0.388,8.244
KANGAROO GROUND-WATTLE GLEN ROAD,54487.625,48378.6875,5435.0,2.0,0.85,7.7,0.7625,9.3125
KANIVA-EDENHOPE ROAD,37442.55,38879.0,5134.0,2.0,0.0,5.99,0.0,5.99
KARINGAL DR,44893.9534884,59996.9302326,5722.0,2.04651162791,0.0,8.36046511628,0.0,8.36046511628
KATAMATITE-NATHALIA ROAD,54015.8289474,49038.4736842,5401.0,2.0,0.481578947368,7.22236842105,0.657894736842,8.36184210526
KATAMATITE-SHEPPARTON ROAD,54939.3606557,48802.8196721,5419.0,2.0,1.34262295082,7.40327868852,1.23606557377,9.98032786885
KATAMATITE-YARRAWONGA ROAD,54846.0,49236.8125,5402.0,2.0,0.05625,7.6,0.05625,7.7125
KEILOR PARK DR,32084.0098039,39434.872549,5054.0,2.13725490196,0.392156862745,7.87352941176,0.0,8.26568627451
KEILOR ROAD,51346.6923077,54028.0769231,5592.0,2.61538461538,0.0,11.0846153846,0.0,11.0846153846
KEILOR-MELTON ROAD,63901.2727273,64242.3636364,5828.0,2.51515151515,0.0969696969697,9.44848484848,0.0,9.54545454545
KELLAWAY AV,55011.3333333,53507.3333333,5598.0,2.33333333333,0.0,9.26666666667,0.0,9.26666666667
KELLETTS ROAD,54425.8352941,49285.1294118,5428.0,2.01176470588,0.0,7.03058823529,0.0,7.03058823529
KERANG-KOONDROOK ROAD,49820.6935484,54527.6935484,5578.0,2.03225806452,0.353225806452,8.81290322581,0.224193548387,9.39032258065
KERANG-MURRABIT ROAD,54774.1,49184.84,5332.0,2.0,0.232,7.96,0.316,8.508
KERANG-QUAMBATOOK ROAD,53209.1463415,48978.804878,5331.0,2.0,0.0,7.05609756098,0.0,7.05609756098
KIEWA EAST ROAD,49509.5769231,53182.9230769,5478.0,2.0,0.219230769231,7.80769230769,0.257692307692,8.28461538462
KIEWA VALLEY HIGHWAY,31354.205,29297.71,2790.0,2.01,0.745,7.1475,0.447,8.3385
KILMORE-LANCEFIELD ROAD,53710.2419355,49312.5483871,5393.0,2.0,0.422580645161,7.25,0.272580645161,7.94516129032
KING STREET,40441.0,38980.7368421,5135.42105263,2.55263157895,0.0,8.91973684211,0.0,8.91973684211
KINGS ROAD,33815.7820513,34487.8333333,5009.0,3.25641025641,0.226923076923,11.6371794872,0.396153846154,12.2576923077
KINGS WAY,66346.0,61951.0,5871.0,6.0,0.0,16.7,0.0,16.7
KINGSBURY DR,52305.12,60045.68,5740.0,2.24,0.0,9.092,0.0,9.092
KLAUER ROAD,35328.16,38649.2,5159.0,1.72,0.0,8.332,0.0,8.332
KOO-WEE-RUP-LONGWARRY ROAD,66373.8301887,62998.9433962,5709.0,2.0,0.0377358490566,7.31320754717,0.0,7.35094339623
KOROIT-PORT FAIRY ROAD,39143.5,39062.9285714,5121.0,2.0,0.0,7.20714285714,0.0,7.20714285714
KOROIT-WOOLSTHORPE ROAD,34769.5,39041.1428571,5120.0,2.0,0.0,7.17142857143,0.0,7.17142857143
KOROROIT CREEK ROAD,63890.1666667,64134.3066667,5833.0,2.08,0.0266666666667,7.32066666667,0.0133333333333,7.36066666667
KORUMBURRA-INVERLOCH ROAD,48823.7777778,54375.7777778,5697.0,2.0,0.0833333333333,7.68888888889,0.0833333333333,7.85555555556
KORUMBURRA-WARRAGUL ROAD,49088.3469388,54481.5408163,5682.0,2.0306122449,0.0836734693878,7.21632653061,0.0367346938776,7.33469387755
KORUMBURRA-WONTHAGGI ROAD,49726.1807229,54428.8674699,5698.0,2.0,0.0674698795181,7.48192771084,0.143373493976,7.69277108434
KURRAK ROAD,44885.125,59581.875,5720.0,3.0,0.0,10.85,0.0,10.85
KYABRAM-NATHALIA ROAD,54153.7419355,49210.5806452,5362.0,2.0,0.451612903226,7.63870967742,0.322580645161,8.41290322581
KYABRAM-ROCHESTER ROAD,35097.6666667,38727.057971,5157.0,2.0,0.150724637681,8.37971014493,0.163768115942,8.69275362319
KYNETON MAIN ROAD,35648.4285714,38941.4857143,5105.0,2.0,0.374285714286,7.65142857143,0.108571428571,8.13428571429
KYNETON-TRENTHAM ROAD,47934.3636364,44749.7090909,5194.0,2.03636363636,0.485454545455,7.36545454545,0.258181818182,8.10909090909
LAKE MOUNTAIN ROAD,33037.3888889,34165.6111111,4083.0,2.05555555556,0.5,7.07777777778,0.0,7.57777777778
LANCASTER-MOOROOPNA ROAD,53980.0769231,49912.9230769,5365.0,2.0,0.365384615385,7.90769230769,0.353846153846,8.62692307692
LANCEFIELD-TOOBORAC ROAD,54225.2881356,48897.2881356,5389.0,2.0,0.24406779661,7.48305084746,0.189830508475,7.91694915254
LANCEFIELD-WOODEND ROAD,36388.1639344,38701.295082,5158.0,1.86885245902,0.309836065574,6.85573770492,0.349180327869,7.5131147541
LANG LANG-POOWONG ROAD,48839.3913043,54670.6956522,5691.0,2.0,0.0,8.68695652174,0.0,8.68695652174
LANGS ROAD,47268.5,53656.6666667,5600.0,2.16666666667,0.0,10.15,0.0,10.15
LANSDOWNE STREET,33734.75,38618.5833333,5102.0,2.33333333333,0.0,7.13333333333,0.0,7.13333333333
LAVERS HILL-COBDEN ROAD,33035.2888889,34381.3,5033.0,2.0,0.376666666667,7.06555555556,0.372222222222,7.81444444444
LEITCHVILLE-PYRAMID ROAD,54760.9318182,48846.4318182,5338.0,2.0,0.238636363636,6.88181818182,0.111363636364,7.225
LEXTON-TALBOT ROAD,48470.6666667,44823.8666667,5226.0,2.0,0.0,6.37333333333,0.0,6.37333333333
LICOLA ROAD,63078.175,67647.15,5954.0,2.0,0.03,6.485,0.13,6.645
LILYDALE-MONBULK ROAD,51256.8292683,59450.6463415,5776.0,2.03658536585,0.0,7.67804878049,0.0121951219512,7.69024390244
LILYDALE-MONTROSE ROAD,51183.578125,59593.2421875,5780.0,2.0,0.0,7.496875,0.0,7.496875
LINCOLN CWY,49430.8,54512.4666667,5510.0,2.0,0.944444444444,7.61777777778,0.0444444444444,8.60666666667
LINCOLN ROAD,48824.0,53968.2857143,5589.0,2.14285714286,0.0,11.2571428571,0.0,11.2571428571
LINDENOW ROAD,48264.1428571,53736.2142857,5560.0,2.0,0.442857142857,7.01428571429,0.457142857143,7.91428571429
LINDSAY ROAD,48375.75,45159.9166667,5238.0,2.0,0.0,7.31666666667,0.0,7.31666666667
LISMORE-SCARSDALE ROAD,35707.2435897,38899.5769231,5080.0,2.11538461538,0.0538461538462,7.88076923077,0.0294871794872,7.96153846154
LISMORE-SKIPTON ROAD,63628.8918919,67617.7567568,5962.0,2.02702702703,0.0,7.21891891892,0.0,7.21891891892
LITTLE BOUNDARY ROAD,54830.9166667,49145.75,5448.0,4.0,0.0,14.5166666667,0.0,14.5166666667
LIVINGSTONE STREET,47481.0,59205.4285714,5745.0,2.0,0.0,9.68571428571,0.0,9.68571428571
LOCH VALLEY ROAD,30884.7142857,28674.4285714,3002.0,2.0,0.0,6.71428571429,0.0,6.71428571429
LOCKHARTS GAP ROAD,52400.6,58749.88,5739.0,2.0,0.0,7.152,0.0,7.152
LOCKINGTON ROAD,46129.5,44786.875,5237.0,2.0625,0.0,6.81875,0.0,6.81875
LODDON VALLEY HIGHWAY,25272.66,23921.81,2630.0,2.06666666667,0.682666666667,7.44733333333,0.717666666667,8.845
LOGAN-WEDDERBURN ROAD,46209.3809524,44473.4285714,5235.0,2.0,0.047619047619,8.19047619048,0.047619047619,8.28571428571
LONG GULLY-WHITE HILLS ROAD,47053.862069,45022.6206897,5223.0,2.03448275862,0.406896551724,7.74482758621,0.562068965517,8.71379310345
LONGFORD-LOCH SPORT ROAD,63484.76,67585.6,5915.0,2.0,0.424,7.152,0.304,7.88
LONGWARRY-DROUIN ROAD,65605.8888889,62724.6111111,5710.0,2.0,0.133333333333,7.69444444444,0.0,7.82777777778
LONSDALE STREET,63214.1818182,67560.3636364,5997.0,2.36363636364,0.0,9.50909090909,0.0,9.50909090909
LORIMER STREET,50063.3225806,54442.7096774,5597.0,3.06451612903,0.0,10.9290322581,0.0,10.9290322581
LOWER DUNEED ROAD,32128.6153846,34619.3076923,5008.0,2.0,0.0,7.89230769231,0.0,7.89230769231
LOWER PLENTY ROAD,54148.1111111,59592.6666667,5743.0,4.0,0.0,13.1777777778,0.0,13.1777777778
LOY YANG-MORWELL ROAD,62754.755102,67749.0408163,5912.0,2.18367346939,0.583673469388,8.71632653061,0.542857142857,9.84285714286
LYSTERFIELD ROAD,52069.2083333,59147.75,5782.0,2.29166666667,0.25,9.34166666667,0.175,9.76666666667
MACARTHUR ROAD,46980.3333333,38974.3333333,5070.0,2.66666666667,0.0,8.8,0.0,8.8
MACARTHUR-PENSHURST ROAD,34243.015625,38635.84375,5126.0,2.0,0.0,6.5765625,0.0,6.5765625
MACAULAY ROAD,43290.75,38590.6666667,5068.0,1.58333333333,0.0,6.31666666667,0.0,6.31666666667
MACEDON WOODEND ROAD,47738.392,44811.888,5228.0,2.584,0.9744,9.636,0.9728,11.5816
MADEIRA PACKET ROAD,48095.5660377,44737.1132075,5255.0,2.0,0.22641509434,8.50566037736,0.198113207547,8.93018867925
MAFFRA-BRIAGOLONG ROAD,48824.56,54403.76,5552.0,2.08,0.096,7.212,0.096,7.404
MAFFRA-ROSEDALE ROAD,48905.0,54445.2413793,5545.0,2.0,0.355172413793,7.29655172414,0.355172413793,8.00689655172
MAFFRA-SALE ROAD,49364.7959184,54439.4693878,5550.0,2.0,1.09387755102,8.05102040816,1.13469387755,10.2795918367
MAIDSTONE STREET,56002.5294118,49666.6470588,5451.0,2.47058823529,0.0,10.3647058824,0.0,10.3647058824
MAILORS FLAT-KOROIT ROAD,46265.875,44731.25,5256.0,2.0,0.0,8.15,0.0,8.15
MAIN HEIDELBERG-ELTHAM ROAD,52555.9134615,59852.25,5762.0,2.85576923077,0.545192307692,9.63653846154,0.0,10.1807692308
MAIN NEERIM ROAD,50051.2087912,54498.7252747,5529.0,2.0,0.689010989011,7.49230769231,0.594505494505,8.77582417582
MAIN ROAD,49495.5333333,54008.8666667,5502.0,2.53333333333,0.0,12.2266666667,0.0,12.2266666667
MAIN WHITTLESEA ROAD,63704.4171123,64213.0855615,5814.0,2.13903743316,0.671657754011,7.87219251337,0.419251336898,8.96310160428
MALDON-NEWSTEAD ROAD,46336.7391304,44652.8695652,5206.0,2.0,0.0,6.93913043478,0.0652173913043,7.00434782609
MALLACOOTA ROAD,33283.15,35060.15,4861.0,2.0,0.12,6.845,0.27,7.235
MALLEE HIGHWAY,24754.4343891,23813.0135747,2650.0,1.98190045249,0.446606334842,7.33891402715,0.413574660633,8.19909502262
MALMSBURY-ELPHINSTONE ROAD,46842.0642202,44791.587156,5188.0,2.17431192661,2.04587155963,8.15871559633,1.7128440367,11.9183486239
MALVERN ROAD,48863.125,54764.375,5699.0,2.70833333333,0.0,12.325,0.0,12.325
MANNINGHAM ROAD,47556.4494382,44750.0449438,5221.0,3.01123595506,0.0,10.5393258427,0.0,10.5393258427
MANSFIELD-WHITFIELD ROAD,51034.877551,54224.3265306,5498.0,2.0,0.0489795918367,6.4693877551,0.0,6.51836734694
MANSFIELD-WOODS POINT ROAD,49680.2982456,54429.7192982,5501.0,2.0,0.0,6.52631578947,0.0,6.52631578947
MARIBYRNONG-TOTTENHAM ROAD,63318.1818182,67692.6060606,5950.0,2.81818181818,0.0,11.8212121212,0.0,11.8212121212
MARKET ROAD,55504.75,48621.0,5457.0,2.0,0.0,11.5,0.0,11.5
MARLO ROAD,30196.3548387,29280.1290323,4011.0,2.0,0.116129032258,6.50967741935,0.0387096774194,6.66451612903
MAROONA-GLENTHOMPSON ROAD,36010.8787879,38782.2121212,5109.0,2.0,0.0,7.18181818182,0.0,7.18181818182
MAROONDAH HIGHWAY,27291.3041622,25863.7566702,2720.0,2.55282817503,0.468729989328,9.01472785486,0.449626467449,9.93159018143
MAROONDAH LINK HIGHWAY,10830.1538462,3051.84615385,2020.0,2.07692307692,1.58461538462,7.04615384615,1.53076923077,10.1615384615
MARYBOROUGH-DUNOLLY ROAD,46723.4,44223.1,5233.0,2.0,0.28,7.3,0.28,7.86
MARYBOROUGH-ST ARNAUD ROAD,46344.2682927,44715.6097561,5210.0,2.0,0.0439024390244,6.7243902439,0.0,6.76829268293
MARYSVILLE ROAD,31526.2142857,29280.5952381,4008.0,2.0,0.583333333333,6.92619047619,0.645238095238,8.15476190476
MARYSVILLE-WOODS POINT ROAD,34475.3636364,34649.6363636,4961.0,2.0,0.0,6.57272727273,0.163636363636,6.73636363636
MARYVALE ROAD,62593.9795918,67785.0816327,5909.0,2.0,1.0612244898,8.05714285714,0.887755102041,10.006122449
MC DONALD ROAD,28614.0,37566.0,5142.0,2.85714285714,0.0,12.6857142857,0.0,12.6857142857
MCDONALDS ROAD,48956.7912088,54608.6043956,5607.0,2.28571428571,0.375824175824,8.77692307692,0.430769230769,9.58351648352
MCDONALDS TRACK ROAD,43277.8,58860.0,5714.0,2.0,0.0,6.82,0.0,6.82
MCINTYRE ROAD,47629.44,54351.64,5517.0,3.24,0.0,11.4,0.0,11.4
MCIVOR HIGHWAY,31484.6052632,29287.7684211,2770.0,2.22631578947,0.807894736842,7.95,0.85,9.60894736842
MCKILLOPS ROAD,31074.8333333,29322.25,4006.0,1.83333333333,0.0,5.08333333333,0.4,5.475
MCKINNONS BRIDGE-NOORAT ROAD,34907.4285714,38595.4285714,5096.0,2.0,0.0,9.04285714286,0.0,9.04285714286
MCLOUGHLINS BEACH ROAD,32514.6,37822.2,4022.0,2.0,0.0,6.48,0.0,6.48
MEENIYAN-MIRBOO NORTH ROAD,49672.9705882,54077.6176471,5666.0,2.0,0.0,7.55588235294,0.0,7.55588235294
MEENIYAN-PROMONTORY ROAD,49336.7794118,54351.2647059,5591.0,2.0,0.0720588235294,6.92205882353,0.0352941176471,7.02941176471
MELBA HIGHWAY,12826.7922705,3141.12077295,2300.0,2.1690821256,1.28985507246,7.87971014493,1.30531400966,10.4661835749
MELBOURNE ROAD,47057.3076923,44731.0769231,5218.0,2.46153846154,0.0,9.30769230769,0.0,9.30769230769
MELBOURNE-LANCEFIELD ROAD,63675.4191919,64195.6969697,5821.0,2.21212121212,1.27575757576,8.33737373737,1.22272727273,10.8313131313
MELROSE DR,54140.1607143,48897.1785714,5441.0,2.21428571429,0.271428571429,7.56785714286,0.0,7.83928571429
MELTON HIGHWAY,14264.3276836,3102.6779661,2040.0,2.23163841808,0.354237288136,8.13276836158,0.316384180791,8.80338983051
MELTON MAIN ROAD,33155.559322,34556.4576271,5048.0,2.61016949153,0.101694915254,9.68813559322,0.0,9.78983050847
MELTON WEST-BACCHUS MARSH ROAD,48059.1034483,44569.2758621,5284.0,1.93103448276,2.12413793103,6.87931034483,0.496551724138,9.49655172414
MELTON-WERRIBEE ROAD,33780.1435897,34500.4102564,5042.0,2.01025641026,0.225128205128,7.48615384615,0.246153846154,7.95692307692
MELVILLE ROAD,54629.1818182,60678.6363636,5731.0,2.90909090909,0.0,14.2454545455,0.0,14.2454545455
MERRAWARP ROAD,62978.1111111,67715.3333333,5935.0,2.0,0.277777777778,6.95555555556,0.277777777778,7.51111111111
MERRI PDE,45426.6,44425.6,5214.0,2.2,0.0,9.32,0.0,9.32
METROPOLITAN RING ROAD,31216.8192771,29188.626506,2880.0,2.71084337349,2.54939759036,9.65903614458,2.01325301205,14.2204819277
METUNG ROAD,31638.8333333,29232.5,4004.0,2.0,1.11333333333,6.92,1.09666666667,9.12666666667
MICKLEHAM ROAD,63152.5897436,64179.4230769,5820.0,2.33974358974,0.271153846154,8.34166666667,0.276282051282,8.8891025641
MIDLAND HIGHWAY,19556.0101302,19792.8748191,2590.0,2.14109985528,1.12698986975,7.93625180897,1.01671490593,10.07829233
MIDLAND LINK HIGHWAY,12900.4,3090.13333333,2030.0,2.0,0.8,7.53333333333,0.8,9.13333333333
MILLERS ROAD,63347.3636364,64225.2828283,5834.0,2.29292929293,0.213131313131,7.89898989899,0.0,8.10707070707
MIRBOO NORTH-TRAFALGAR ROAD,63008.61,67673.58,5916.0,2.11,0.64,7.638,0.42,8.698
MITCHAM ROAD,63730.2363636,64193.5636364,5804.0,3.18181818182,0.0,11.3818181818,0.0,11.3818181818
MOE NORTH ROAD,36566.92,38569.4,5086.0,2.0,0.264,7.728,0.0,7.992
MOE-GLENGARRY ROAD,49193.8662791,54372.8953488,5539.0,1.82558139535,0.488372093023,7.78372093023,0.504069767442,8.77558139535
MOE-RAWSON ROAD,49874.8714286,54489.0285714,5537.0,1.9,0.108571428571,7.97571428571,0.0785714285714,8.16285714286
MOE-WILLOWGROVE ROAD,48567.4782609,54380.9855072,5536.0,2.0,0.339130434783,7.0,0.391304347826,7.73043478261
MONARO HIGHWAY,30925.4705882,29305.1960784,2760.0,2.0,0.513725490196,7.49019607843,0.611764705882,8.61568627451
MONASH FREEWAY,12640.8417508,3155.90572391,2000.0,3.66666666667,2.26734006734,12.9663299663,1.74915824916,16.9824915825
MONASH WAY,63161.1525424,67119.779661,5906.0,2.13559322034,1.46440677966,9.24237288136,1.57966101695,12.2830508475
MONBULK ROAD,52569.0344828,59471.7586207,5775.0,2.06896551724,0.0344827586207,7.4,0.0,7.43448275862
MONBULK-SEVILLE ROAD,49347.55,59019.65,5777.0,2.0,0.0,6.395,0.0,6.395
MONTAGUE STREET,62685.0,67122.1428571,5987.0,4.85714285714,0.0,18.0428571429,0.0,18.0428571429
MOORABOOL STREET,64396.6666667,66631.6666667,5963.0,4.0,0.0,14.6,0.0,14.6
MOORE STREET,54631.25,49033.25,5456.0,2.5,0.0,13.2,0.0,13.2
MOOROODUC HIGHWAY,31513.7509881,29297.4110672,2860.0,2.40711462451,0.842687747036,8.69841897233,0.500395256917,10.0399209486
MOOROOLBARK ROAD,48915.1818182,59498.7272727,5772.0,2.0,0.0,7.97272727273,0.0,7.97272727273
MOOROOPNA-MURCHISON ROAD,50546.0952381,54610.1190476,5586.0,2.0,0.388095238095,7.38095238095,0.388095238095,8.15714285714
MORELAND ROAD,63062.36,67662.28,5978.0,2.52,0.0,9.488,0.0,9.488
MORGAN STREET,61315.75,64800.375,5884.0,2.5,0.0,11.075,0.0,11.075
MORNINGTON PENINSULA FREEWAY,27006.5436242,24487.7718121,2600.24832215,2.08053691275,2.65637583893,7.58926174497,0.934899328859,11.1805369128
MORNINGTON-DROMANA ROAD,49836.8809524,59351.3571429,5756.0,2.0,0.0,7.68571428571,0.0,7.68571428571
MORNINGTON-FLINDERS ROAD,52230.3684211,59412.1929825,5751.0,1.85964912281,0.0350877192982,7.03859649123,0.0350877192982,7.10877192982
MORNINGTON-TYABB ROAD,50890.53125,59513.515625,5760.0,2.171875,0.0,8.9625,0.0,8.9625
MORTLAKE-ARARAT ROAD,35974.5225225,38715.3963964,5100.0,2.03603603604,0.367567567568,7.44774774775,0.311711711712,8.12702702703
MORWELL-THORPDALE ROAD,49137.4782609,54646.2608696,5641.0,2.0,0.608695652174,7.17826086957,0.565217391304,8.35217391304
MORWELL-TRARALGON ROAD,63014.8737864,67636.1650485,5921.0,2.03883495146,0.843689320388,8.09417475728,0.0563106796117,8.99223300971
MORWELL-YALLOURN NORTH ROAD,63583.5454545,67625.2727273,5911.0,2.0,0.363636363636,7.95454545455,0.363636363636,8.68181818182
MORWELL-YALLOURN ROAD,47974.6315789,54015.1578947,5572.0,2.15789473684,0.294736842105,8.57894736842,0.452631578947,9.32631578947
MOUNT ALEXANDER ROAD,64312.56,64187.8,5824.0,2.84,0.0,10.3106666667,0.0,10.3106666667
MOUNT BAW BAW ROAD,33711.1111111,34717.5138889,4526.0,2.0,0.1,6.35416666667,0.1,6.55416666667
MOUNT BUFFALO ROAD,33711.6111111,34689.75,4871.0,1.94444444444,0.0972222222222,7.08333333333,0.0972222222222,7.27777777778
MOUNT BULLER ROAD,33427.7184466,34612.8932039,4951.0,1.91262135922,0.58640776699,6.61262135922,0.603883495146,7.80291262136
MOUNT CLEAR-SEBASTOPOL ROAD,47849.2857143,54154.5,5583.0,2.42857142857,0.928571428571,9.14285714286,0.507142857143,10.5714285714
MOUNT DANDENONG ROAD,46296.6363636,52339.8484848,5550.58333333,2.33333333333,0.106818181818,8.34431818182,0.0268939393939,8.47803030303
MOUNT MACEDON ROAD,32093.375,28976.3125,4013.0,2.0,0.35625,7.40625,0.41875,8.18125
MOUNT MACEDON-HANGING ROCK ROAD,33316.4166667,29868.4166667,4014.0,2.0,0.0,6.83333333333,0.0,6.83333333333
MT DUNEED ROAD,38312.6,39094.65,5107.0,2.0,1.52,7.41,1.63,10.56
MURCHISON-TATURA ROAD,55057.0,49065.6,5372.0,2.0,0.0,7.72,0.0,7.72
MURCHISON-VIOLET TOWN ROAD,54479.6521739,49012.5108696,5414.0,1.9347826087,0.666304347826,7.16847826087,0.967391304348,8.80217391304
MURRAY RIVER ROAD,51254.3553719,59522.3966942,5748.0,2.0,0.106611570248,6.98181818182,0.0727272727273,7.16115702479
MURRAY ROAD,51964.9661017,59737.0677966,5732.0,2.67796610169,0.0,9.45423728814,0.0,9.45423728814
MURRAY VALLEY HIGHWAY,18700.7873696,19065.2607184,2570.0,2.00579374276,0.921552723059,7.43331402086,0.821147161066,9.17363847045
MURRUMBEENA ROAD,47551.0,44632.5,5301.0,2.7,0.0,8.38,0.0,8.38
MURRUNGOWAR ROAD,35100.0,32197.0,3231.0,2.0,0.0,7.4,0.0,7.4
MURTOA-GLENORCHY ROAD,47071.6086957,44853.0,5201.0,2.0,0.165217391304,5.60869565217,0.0,5.77391304348
MYAMYN-MACARTHUR ROAD,35880.25,38826.2777778,5132.0,2.0,0.0,5.73611111111,0.0,5.73611111111
MYERS-WILLS STREET,46599.96875,44664.34375,5174.0,1.96875,0.0,6.8875,0.0,6.8875
MYRNIONG-TRENTHAM ROAD,63666.0961538,67461.9807692,5956.0,2.0,0.369230769231,6.98846153846,0.388461538462,7.74615384615
MYRTLE STREET,47323.3333333,44387.8666667,5171.0,1.93333333333,0.0,7.61333333333,0.0,7.61333333333
MYRTLEFORD-YACKANDANDAH ROAD,49307.4197531,56585.345679,5467.0,2.0,0.291358024691,7.71481481481,0.354320987654,8.36049382716
NAGAMBIE MAIN ROAD,54488.6111111,48968.2962963,5384.0,2.0,1.12592592593,7.19259259259,1.2962962963,9.61111111111
NAPOLEON ROAD,54427.04,49171.32,5429.0,2.2,0.364,9.656,0.136,10.156
NAR NAR GOON-LONGWARRY ROAD,45297.6969697,58412.1212121,5712.0,2.0,0.206060606061,7.50909090909,0.206060606061,7.92121212121
NARRE WARREN NORTH ROAD,63334.9655172,67643.2758621,5940.0,2.33333333333,0.0,8.76666666667,0.0,8.76666666667
NATIMUK-FRANCES ROAD,36482.0185185,38671.1851852,5138.0,2.0,0.0,6.62592592593,0.0,6.62592592593
NATIMUK-HAMILTON ROAD,35482.3837209,38870.4302326,5140.0,2.01162790698,0.0313953488372,6.67674418605,0.0313953488372,6.73953488372
NEPEAN HIGHWAY,25019.630117,23895.0789474,2660.0,3.12719298246,0.00292397660819,10.9016081871,0.00292397660819,10.9074561404
NERRENA ROAD,48770.5384615,54717.6923077,5658.0,2.07692307692,0.538461538462,7.22692307692,0.507692307692,8.27307692308
NEWTOWN-WHITTINGTON ROAD,33677.5238095,38515.7857143,5165.0,2.35714285714,0.0,10.2,0.0,10.2
NHILL-HARROW ROAD,34633.9516129,38806.7903226,5133.0,2.0,0.0,5.93709677419,0.0,5.93709677419
NHILL-JEPARIT ROAD,47269.7631579,44757.2105263,5277.0,2.0,0.115789473684,6.43157894737,0.0,6.54736842105
NHILL-NETHERBY ROAD,46280.6363636,44973.7272727,5279.0,2.0,0.0,6.6,0.109090909091,6.70909090909
NHILL-YANAC ROAD,48152.4827586,44733.0,5280.0,2.0,0.572413793103,6.57586206897,0.0,7.14827586207
NICHOLSON STREET,51894.8,59724.2444444,5736.0,2.44444444444,0.0,9.40666666667,0.0,9.40666666667
NORMAN STREET,47643.5,44747.1666667,5187.0,2.66666666667,0.666666666667,13.1666666667,0.666666666667,14.5
NORMANBY AV,62989.8888889,67628.1111111,5971.0,2.33333333333,0.0,8.21111111111,0.0,8.21111111111
NORMANBY ROAD,64610.0,64007.36,5839.0,2.4,0.0,10.1,0.0,10.1
NORTH (WILLIAMSTOWN) ROAD,48306.0,45385.0,5209.0,2.0,0.0,9.05,0.0,9.05
NORTH ROAD,62026.8888889,64374.5,5849.0,2.16666666667,0.0,8.68333333333,0.0,8.68333333333
NORTH ROAD HIGHWAY,13564.4904762,3084.71904762,2060.0,3.08571428571,0.0,10.9695238095,0.0,10.9695238095
NORTH SHORE ROAD,63308.0714286,64434.3571429,5886.0,2.78571428571,0.0,9.09285714286,0.0,9.09285714286
NORTH VALLEY ROAD,50720.8333333,54013.5,5689.0,2.0,0.0,11.3333333333,0.0,11.3333333333
NORTHERN GRAMPIANS ROAD,31894.3461538,29373.8076923,4002.0,2.0,0.0,6.78461538462,0.0,6.78461538462
NORTHERN HIGHWAY,9585.59652928,13314.6550976,2540.0,2.16268980477,1.03709327549,8.05010845987,1.03188720174,10.1188720174
NORTHERN RTE,54116.5520833,49203.5104167,5345.0,2.27083333333,0.0,8.06770833333,0.0,8.06770833333
OAKLANDS ROAD,54955.5,50140.5,5437.0,2.0,0.0,7.8,0.0,7.8
OLD DANDENONG ROAD,45404.0322581,44457.8064516,5319.0,2.32258064516,0.706451612903,8.31935483871,0.416129032258,9.44193548387
OLD GEELONG ROAD,54407.6237624,49300.7524752,5444.0,2.0,0.156435643564,7.45148514851,0.162376237624,7.7702970297
OLD MELBOURNE ROAD,33508.75,39221.125,5067.0,2.0,0.9875,8.18125,1.1125,10.28125
OLD SALE ROAD,48174.0,53874.0,5533.0,1.9,0.6,7.6,0.0,8.2
OLINDA-MONBULK ROAD,50517.4444444,59298.8888889,5779.0,2.0,0.0,6.46666666667,0.0,6.46666666667
OMEO HIGHWAY,18782.8125,19317.8203125,2560.0,2.015625,0.04296875,6.6890625,0.04296875,6.775
ORIEL ROAD,49998.8571429,59409.0,5746.0,1.16666666667,0.0,3.80238095238,0.0,3.80238095238
ORMOND ROAD,62202.1428571,63659.2857143,5865.0,3.14285714286,0.0,11.2285714286,0.0,11.2285714286
ORRONG ROAD,32753.9166667,33837.5833333,5002.0,3.66666666667,0.0,13.1833333333,0.0,13.1833333333
OTWAY LIGHTHOUSE ROAD,34839.3333333,34061.0666667,4901.0,2.0,0.0,5.92666666667,0.0,5.92666666667
PALMERS ROAD,46360.0,55611.6,5566.0,2.0,0.0,13.6,0.0,13.6
PARA ROAD,44317.8125,59941.4375,5719.0,2.5,0.0,10.9625,0.0,10.9625
PASCOE STREET,54650.0,61171.5,5728.0,3.0,0.0,9.3,0.0,9.3
PASCOE VALE ROAD,63270.1459459,64222.1081081,5819.0,2.4,0.0,8.6,0.0,8.6
PATCHEWOLLOCK-SEA LAKE ROAD,47905.3125,44928.21875,5261.0,2.0,0.0,5.428125,0.0,5.428125
PAYNESVILLE ROAD,30997.3291139,29163.4177215,4003.0,2.0,1.10126582278,7.44430379747,0.969620253165,9.51265822785
PEARCEDALE PDE,63334.0,67710.3333333,5967.0,2.0,0.0,7.91111111111,0.0,7.91111111111
PEEL STREET,32677.0714286,38547.7142857,5065.0,2.0,0.0,7.85,0.0,7.85
PENSHURST-DUNKELD ROAD,34932.7058824,38417.6176471,5116.0,2.0,0.147058823529,6.38823529412,0.147058823529,6.68235294118
PENSHURST-PORT FAIRY ROAD,31251.5,39469.8333333,5117.0,2.0,0.0,8.1,0.0,8.1
PENSHURST-WARRNAMBOOL ROAD,35401.3214286,38877.7589286,5122.0,2.0,0.0991071428571,7.86160714286,0.152678571429,8.11339285714
PHILLIP ISLAND ROAD,34001.4952381,34543.1714286,4971.0,2.04761904762,1.19142857143,7.67619047619,1.24380952381,10.1114285714
PIONEER ROAD,63134.40625,67623.03125,5941.0,1.90625,0.0,6.8,0.0,6.8
PLENTY VALLEY HIGHWAY,14674.2340426,3133.38829787,2140.0,2.73936170213,0.0,9.26170212766,0.0,9.26170212766
PLUMMER STREET,48024.2,54841.3,5495.0,3.8,0.0,12.8,0.0,12.8
PLUMPTON AV,54041.0,56990.0,5716.0,2.0,0.0,7.8,0.0,7.8
POINT COOK ROAD,54135.0338983,49272.9322034,5442.0,2.15254237288,0.0,8.1813559322,0.0,8.1813559322
POINT LONSDALE ROAD,33091.2666667,34248.0666667,5004.0,2.0,1.7,7.3,0.8,9.8
POINT NEPEAN ROAD,33572.2265625,34480.1171875,4034.0,1.921875,0.034375,7.51484375,0.2921875,7.840625
POLICE ROAD,47913.25,44891.875,5305.0,2.28125,0.0,8.978125,0.0,8.978125
POMONAL ROAD,35272.2380952,38284.3809524,5135.0,2.0,0.133333333333,7.5380952381,0.4,8.07142857143
PORT WELSHPOOL ROAD,62203.6666667,68591.3333333,5908.0,2.0,0.0,7.85,0.0,7.85
PORTARLINGTON-QUEENSCLIFF ROAD,33321.3191489,34824.5106383,5003.0,2.0,0.414893617021,6.7829787234,0.706382978723,7.90425531915
PORTARLINGTON-ST LEONARDS ROAD,31081.893617,31295.3829787,4032.0,1.95744680851,0.285106382979,7.46808510638,0.0425531914894,7.79574468085
PORTLAND-CASTERTON ROAD,35694.3364486,38697.8317757,5153.0,2.01869158879,0.0,7.13831775701,0.0,7.13831775701
PORTLAND-NELSON ROAD,33950.3892216,34512.0179641,5045.0,2.02994011976,1.09221556886,7.42215568862,0.920359281437,9.43413173653
POUND ROAD,34316.2653061,38653.3673469,5104.0,1.95918367347,0.0,7.62244897959,0.0,7.62244897959
PRAIRIE-ROCHESTER ROAD,35062.9183673,38793.3673469,5160.0,2.02040816327,0.0530612244898,6.69795918367,0.10612244898,6.85510204082
PRINCES HIGHWAY,10318.2832574,7876.51782014,2505.22793203,2.35702445089,1.20573974306,8.66694985495,0.881185246581,10.7497099047
PRINCES STREET,34590.3846154,37965.1538462,5092.0,3.0,0.0,10.0769230769,0.0,10.0769230769
PRINCETOWN ROAD,62812.5142857,64265.3428571,5897.0,2.0,0.0714285714286,6.48285714286,0.0,6.55428571429
PYRENEES HIGHWAY,31491.5016393,29347.0983607,2740.0,1.9606557377,0.654754098361,7.18885245902,0.546229508197,8.38524590164
QUEEN STREET,54331.125,48715.375,5454.0,2.16666666667,0.0,7.33333333333,0.0,7.33333333333
QUEENS PARK ROAD,65808.8823529,64259.5294118,5895.0,1.94117647059,0.0,7.37058823529,0.0,7.37058823529
QUEENS PDE,31200.75,38248.0,5147.0,2.0,0.0,7.7875,0.0,7.7875
RACECOURSE ROAD,49142.0,40190.0,5084.0,5.0,0.0,23.2,0.0,23.2
RANFURLY WAY,47395.1212121,44512.5757576,5265.0,2.12121212121,1.15151515152,9.62424242424,0.993939393939,11.7666666667
RATHMINES ROAD,49765.2857143,44827.8571429,5259.0,3.14285714286,0.0,10.7142857143,0.0,10.7142857143
RED CLIFFS-COLIGNAN ROAD,48286.0714286,44657.8571429,5178.0,2.14285714286,0.939285714286,7.80714285714,0.925,9.67142857143
RED CLIFFS-MERINGUR ROAD,48032.6,44768.06,5177.0,2.0,0.236,6.45,0.2,6.886
RESEARCH-WARRANDYTE ROAD,55521.48,48761.56,5434.0,2.04,0.288,7.308,0.152,7.748
RHODES PDE,54877.25,61348.75,5727.0,2.0,0.0,7.075,0.0,7.075
RIDGE ROAD,30491.5,28572.0,4016.0,2.0,0.0,7.75,0.0,7.75
RINGWOOD BYPASS HIGHWAY,18566.3571429,3319.14285714,2270.0,3.64285714286,0.0,12.75,0.0,12.75
RINGWOOD-WARRANDYTE ROAD,62550.9491525,64496.7966102,5806.0,2.37288135593,0.384745762712,9.61186440678,0.333898305085,10.3305084746
RIVERSDALE ROAD,47064.0833333,44781.0416667,5292.0,3.29166666667,0.0,15.1541666667,0.0,15.1541666667
ROBINVALE-SEA LAKE ROAD,47522.3642384,44693.2251656,5321.0,2.0,0.175496688742,6.85894039735,0.166225165563,7.20066225166
ROKEWOOD-SHELFORD ROAD,38013.9032258,38912.0645161,5075.0,2.03225806452,0.0,7.02903225806,0.0,7.02903225806
ROKEWOOD-SKIPTON ROAD,46948.5166667,44933.7,5181.0,2.1,0.0,7.4,0.05,7.45
ROSEBUD-FLINDERS ROAD,51327.5365854,59187.6219512,5750.0,2.0,0.0,7.29634146341,0.0,7.29634146341
ROSEDALE-HEYFIELD ROAD,50632.125,54972.125,5544.0,2.0625,0.21875,7.1125,0.21875,7.55
ROSEDALE-LONGFORD ROAD,49297.7090909,54659.0181818,5590.0,1.81818181818,0.316363636364,6.58181818182,0.410909090909,7.30909090909
ROSSBRIDGE-STREATHAM ROAD,35637.0769231,38639.4615385,5098.0,2.0,0.0,6.52307692308,0.0,6.52307692308
ROYAL PDE,63096.53125,67633.0,5979.0,4.0625,0.0,19.546875,0.0,19.546875
RUNNING CREEK ROAD,49677.3571429,51981.5714286,5471.0,2.0,0.0,6.44285714286,0.0,6.44285714286
RUSHWORTH-TATURA ROAD,54669.1086957,49434.6086957,5373.0,2.04347826087,0.44347826087,6.95,0.421739130435,7.8152173913
RUSSELL STREET,43911.8571429,44389.5714286,5172.0,2.0,0.0,9.45714285714,0.0,9.45714285714
RUTHERGLEN-SPRINGHURST ROAD,36677.3333333,38938.4761905,5161.0,2.0,0.047619047619,8.02857142857,0.238095238095,8.31428571429
RUTHERGLEN-WAHGUNYAH ROAD,55794.8333333,49736.0,5420.0,2.0,0.6,8.3,0.6,9.5
SALE-HEYFIELD ROAD,63977.9090909,67326.1818182,5914.0,2.0,0.181818181818,7.04545454545,0.181818181818,7.40909090909
SAYERS ROAD,34469.2095238,38786.8761905,5093.0,2.07619047619,0.102857142857,7.29333333333,0.0380952380952,7.43428571429
SEA LAKE-SWAN HILL ROAD,55346.3859649,49930.7982456,5326.0,1.9298245614,0.184210526316,7.70964912281,0.0842105263158,7.97807017544
SEAFORD ROAD,35080.1515152,38742.0,5156.0,2.0,0.0,8.10606060606,0.0,8.10606060606
SEASPRAY ROAD,30563.3103448,38011.0689655,4024.0,2.0,0.420689655172,6.43448275862,0.310344827586,7.16551724138
SEPARATION STREET,62827.9285714,64747.7142857,5887.0,3.07142857143,0.0,12.6714285714,0.0,12.6714285714
SERVICETON NORTH-TELOPEA DOWNS ROAD,63751.48,67568.96,5928.0,2.0,0.0,6.684,0.0,6.684
SETTLEMENT ROAD,49118.3333333,54779.5,5604.0,2.66666666667,0.0,12.9166666667,0.0,12.9166666667
SEYMOUR GV,63046.6,67972.4,5993.0,3.2,0.0,9.84,0.0,9.84
SEYMOUR-TOOBORAC ROAD,54149.0847458,49157.7711864,5388.0,1.95762711864,1.04830508475,7.21440677966,0.355084745763,8.61355932203
SHARPS ROAD,33340.877193,36831.245614,5053.0,2.33333333333,0.666666666667,8.63684210526,0.0,9.30350877193
SHELFORD-BANNOCKBURN ROAD,35745.9173554,38679.8429752,5072.0,2.0,0.447107438017,6.99256198347,0.364462809917,7.80165289256
SHELLEY-WALWA ROAD,31023.0769231,29117.5769231,3005.0,2.0,0.0,6.56923076923,0.0,6.56923076923
SHEPPARTON ALTERNATIVE RTE,62864.704918,67688.6065574,5982.0,2.0,1.07213114754,8.03442622951,0.990163934426,10.0967213115
SHRIVES ROAD,34611.6086957,38887.7391304,5059.0,2.0,0.0565217391304,6.76956521739,0.0565217391304,6.88260869565
SILVERBAND ROAD,35158.2,37108.2,4911.0,2.0,0.0,6.52,0.0,6.52
SKENES CREEK ROAD,32952.8125,34642.4375,5022.0,2.0,0.625,6.4125,0.546875,7.559375
SKIPTON ROAD,37761.0322581,39022.9677419,5090.0,2.0,0.135483870968,7.5935483871,0.212903225806,7.94193548387
SNOWY RIVER ROAD,33380.4166667,30324.5,4007.0,2.0,0.0,5.65,0.0,5.65
SOMERTON ROAD,63318.7586207,67620.4252874,5960.0,2.04597701149,0.0137931034483,7.26666666667,0.0919540229885,7.3724137931
SOMERVILLE ROAD,53937.2,49503.0333333,5458.0,2.1,0.0,9.84333333333,0.0,9.84333333333
SOUTH GIPPSLAND (HALLAM) FREEWAY,13385.9795918,3238.73469388,2310.0,2.04081632653,2.9387755102,7.55102040816,1.27346938776,11.7632653061
SOUTH GIPPSLAND HIGHWAY,18613.6570213,19040.613617,2580.0,2.2170212766,1.20561702128,8.25480851064,0.652765957447,10.1117446809
SOUTH ROAD,63342.8827586,64260.8551724,5845.0,2.71724137931,0.131034482759,9.09379310345,0.0620689655172,9.28689655172
SOUTH VALLEY ROAD,63269.3333333,67703.8,5942.0,2.23333333333,0.35,8.6,0.333333333333,9.28333333333
SOUTHERN LINK TOLLWAY FREEWAY,28197.6666667,28621.3333333,2998.0,2.0,2.0,10.5,1.2,13.7
SOUTHERN ROAD,49734.12,59430.08,5741.0,2.0,0.0,7.232,0.0,7.232
SPENCER ROAD,37189.625,38260.0625,5123.0,2.0,0.0,7.15,0.0,7.15
SPENCER STREET,34707.5945946,38619.8918919,5061.0,3.10810810811,0.0,13.8378378378,0.0,13.8378378378
SPRING STREET,63987.7777778,64181.1666667,5892.0,3.05555555556,0.0,10.0,0.0,10.0
SPRINGVALE ROAD,58845.0930233,64710.8023256,5881.41860465,2.33720930233,0.136046511628,8.29302325581,0.0453488372093,8.47441860465
ST ALBANS ROAD,49891.3043478,54268.7391304,5508.0,2.60869565217,0.0,11.4913043478,0.0,11.4913043478
ST ARNAUD-WYCHEPROOF ROAD,47604.8769231,44774.6153846,5244.0,1.96923076923,0.0830769230769,7.11692307692,0.0492307692308,7.24923076923
ST GEORGES ROAD,58970.2051282,58377.6153846,5674.0,2.48717948718,0.0,10.7153846154,0.0,10.7153846154
ST GEORGES ROAD BRIDGE,63244.5,64649.5,5878.0,3.0,0.0,13.1,0.0,13.1
ST KILDA ROAD,63344.1403509,64185.0175439,5882.0,5.28070175439,0.0,32.3684210526,0.0,32.3684210526
ST KILDA STREET,46684.1666667,45314.1666667,5298.0,2.66666666667,0.0,9.35,0.0,9.35
STANHOPE GV,63018.375,67409.25,5994.0,2.625,0.0,8.85,0.0,8.85
STANLEY ROAD,50092.8571429,55550.2380952,5466.0,2.0,0.2,7.51428571429,0.0,7.71428571429
STATE (BELL/SPRINGVALE) HIGHWAY,13546.5850254,3098.12690355,2400.0,2.98223350254,0.0355329949239,10.3604060914,0.0,10.3959390863
STATE (LOWER DANDENONG/CHELTENHAM) HIGHWAY,13637.8289474,3131.54824561,2050.0,2.97807017544,0.0175438596491,10.7885964912,0.0,10.8061403509
STATE (ST GEORGES) HIGHWAY,9219.65909091,3182.95454545,2130.0,2.09090909091,0.0,7.38863636364,0.0,7.38863636364
STATION STREET,47223.3786408,44848.7961165,5254.65048544,2.8932038835,0.0,9.56504854369,0.0,9.56504854369
STAWELL-AVOCA ROAD,47571.7058824,44684.5176471,5245.0,2.01176470588,0.547058823529,7.16470588235,0.215294117647,7.92705882353
STAWELL-WARRACKNABEAL ROAD,48109.5671642,44703.5074627,5272.0,2.0,0.0746268656716,7.81641791045,0.140298507463,8.03134328358
STEIGLITZ ROAD,32202.3783784,29694.7567568,4017.0,2.0,0.0945945945946,6.66756756757,0.027027027027,6.78918918919
STONY POINT ROAD,51442.7826087,58815.4347826,5758.0,2.0,0.0,8.31739130435,0.0,8.31739130435
STRATFORD-BENGWORDEN ROAD,47045.1666667,54512.6666667,5615.0,2.0,0.0,6.73333333333,0.0,6.73333333333
STRATFORD-MAFFRA ROAD,49906.875,54740.0,5551.0,2.0,0.0,7.6,0.0,7.6
STRATHDALE-WHITE HILLS ROAD,46161.0851064,44730.4042553,5224.0,2.0,0.574468085106,8.4085106383,0.242553191489,9.22553191489
STRZELECKI HIGHWAY,14353.1382114,3127.2601626,2180.0,2.11382113821,1.26504065041,7.93658536585,0.99837398374,10.2
STUD ROAD,51085.8,59424.0833333,5796.0,2.58333333333,0.0,9.02,0.0,9.02
STUDLEY PARK ROAD,63851.0833333,64188.5833333,5855.0,4.0,0.0,13.2,0.0,13.2
STURT HIGHWAY,28548.1015625,25091.7734375,2610.0,2.1640625,1.64765625,8.134375,1.15703125,10.93671875
STURT STREET,55679.7142857,48742.4285714,5404.0,2.57142857143,0.0,11.9,0.0,11.9
SUNBURY ROAD,63626.6266667,64212.2533333,5826.0,2.12,0.124,7.58266666667,0.124,7.83066666667
SUNBURY-RIDDELLS CREEK ROAD,46886.3220339,44635.0677966,5291.0,2.08474576271,0.361016949153,7.90508474576,0.538983050847,8.80338983051
SUNRAYSIA HIGHWAY,24945.8333333,23790.6048387,2700.0,2.00537634409,0.435752688172,7.41048387097,0.447580645161,8.29301075269
SUNSHINE AV,49419.9722222,54391.2962963,5530.0,2.02777777778,0.0,7.86203703704,0.0,7.86203703704
SUNSHINE ROAD,63294.7,64351.6333333,5837.0,2.4,0.0,9.08333333333,0.0,9.08333333333
SURFCOAST HIGHWAY,13749.2704626,3116.15302491,2190.0,2.0,0.0256227758007,7.09323843416,0.104270462633,7.21957295374
SWAN REACH-BRUTHEN ROAD,63516.8125,67833.3125,5955.0,2.0,0.5,7.025,0.09375,7.61875
SWAN STREET,46181.6190476,44876.6666667,5287.0,1.90476190476,0.0,6.26666666667,0.0,6.26666666667
SYBELLA AV,65044.1428571,65234.2857143,5866.0,2.0,0.0,7.71428571429,0.0,7.71428571429
SYDNEY ROAD,49265.4166667,58981.3333333,5733.0,3.0,0.0,15.2,0.0,15.2
TAGGERTY-THORNTON ROAD,50579.5238095,54525.5238095,5509.0,2.0,0.347619047619,7.08571428571,0.285714285714,7.71904761905
TARRA VALLEY ROAD,30934.2105263,29253.4736842,4018.0,2.0,0.0,6.53157894737,0.0,6.53157894737
TARWIN LOWER ROAD,50344.9166667,55188.5,5665.0,2.0,0.166666666667,7.35,0.166666666667,7.68333333333
TATONG-TOLMIE ROAD,27049.6666667,28439.3333333,3181.0,2.0,0.0,5.73333333333,0.0,5.73333333333
TATURA-UNDERA ROAD,53898.65625,49037.59375,5368.0,2.0,0.175,8.3625,0.075,8.6125
TERANG-MORTLAKE ROAD,35654.1617647,38680.3970588,5097.0,2.0,0.0411764705882,8.09117647059,0.0,8.13235294118
THE BOULEVARD,64472.6,63809.6,5885.0,3.4,0.0,11.64,0.0,11.64
THE GAP ROAD,62359.7575758,64068.6060606,5825.0,2.24242424242,0.0,9.96363636364,0.0,9.96363636364
THE GRAND RIDGE ROAD,29590.5,37666.2,4023.0,2.0,0.0,5.79,0.0,5.79
THOMPSON ROAD,35414.3311258,38774.5430464,5164.0,2.58940397351,0.182119205298,9.2642384106,0.113245033113,9.55960264901
THOMPSONS ROAD,54664.3125,49147.9375,5391.0,2.0625,0.0,8.465625,0.0,8.465625
TIMBARRA ROAD,31864.9,29440.1,3261.0,2.0,0.0,6.06,0.0,6.06
TIMBOON-COLAC ROAD,33643.7888889,34563.5555556,5037.0,2.0,0.0177777777778,7.22888888889,0.0355555555556,7.28222222222
TIMBOON-NULLAWARRE ROAD,34334.4,34685.25,5039.0,2.0,0.0333333333333,7.75333333333,0.0,7.78666666667
TIMBOON-PORT CAMPBELL ROAD,34733.0,34276.2,5038.0,2.0,0.106666666667,7.38,0.106666666667,7.59333333333
TODD ROAD,50623.6,53919.6,5609.0,2.86666666667,0.0,11.4933333333,0.0,11.4933333333
TONGALA ROAD,55112.5555556,49918.0,5360.0,2.11111111111,0.0,8.77222222222,0.0,8.77222222222
TOORAK ROAD,57525.92,58473.28,5712.96,2.92,0.0,14.644,0.0,14.644
TOORONGA ROAD,47748.8,44941.64,5315.0,3.24,0.0,10.564,0.0,10.564
TRAFALGAR ROAD,62837.7777778,68351.4444444,5995.0,3.77777777778,0.0,12.6666666667,0.0,12.6666666667
TRAMWAY ROAD,63051.0,67802.3809524,5922.0,2.0,0.178571428571,8.6880952381,0.642857142857,9.50952380952
TRARALGON CREEK ROAD,47820.1428571,54199.2142857,5635.0,2.0,0.321428571429,7.67142857143,0.107142857143,8.1
TRARALGON WEST ROAD,50432.32,54430.48,5541.0,2.0,1.032,7.78,1.176,9.98
TRARALGON-BALOOK ROAD,36943.5454545,33083.0454545,4026.0,2.0,0.0,6.54090909091,0.0,6.54090909091
TRARALGON-MAFFRA ROAD,49535.0671642,54542.5671642,5543.0,2.0,0.334328358209,7.5552238806,0.358955223881,8.24850746269
TRUGANINA-SEABROOK ROAD,54025.0967742,49458.9354839,5421.0,1.67741935484,0.0,5.86774193548,0.0,5.86774193548
TUCKER STREET,58748.75,64461.25,5894.0,2.0,0.0,9.7,0.0,9.7
TULLAMARINE FREEWAY,31723.4051724,29436.5775862,2810.0,2.4224137931,2.79396551724,8.97931034483,2.06120689655,13.8336206897
TUNGAMAH ROAD,54509.7407407,48654.6296296,5405.0,2.0,0.0,6.99259259259,0.0,6.99259259259
TYERS ROAD,48541.6,54399.5714286,5540.0,2.11428571429,0.148571428571,9.68285714286,0.211428571429,10.0428571429
TYERS-THOMSON VALLEY ROAD,30856.88,29240.32,3004.0,2.0,0.02,7.68,0.02,7.72
TYLDEN-WOODEND ROAD,47249.7666667,44911.1333333,5283.0,2.0,0.246666666667,8.21,0.63,9.08666666667
UNION STREET,57161.0,48575.0,5440.0,3.0,0.0,16.2,0.0,16.2
UPPER GOULBURN ROAD,50336.5357143,54531.4642857,5512.0,2.0,0.414285714286,7.58571428571,0.378571428571,8.37857142857
UPPER HEIDELBERG ROAD,53916.7619048,59360.3333333,5747.0,2.28571428571,0.0,9.26666666667,0.0,9.26666666667
UPTON ROAD BRIDGE,60264.0,67401.5,5870.0,2.0,0.0,8.4,0.0,8.4
URQUHART STREET,66759.0,67433.0,5990.0,2.0,0.0,8.56666666667,0.0,8.56666666667
VAN NESS AV,51793.0,53541.6666667,5494.0,2.5,0.0,9.9,0.0,9.9
VENTNOR ROAD,35521.0344828,35002.4827586,4029.0,2.0,0.0,7.41724137931,0.0,7.41724137931
VICTORIA PDE,37433.5555556,39160.7777778,5083.0,3.22222222222,0.0,10.9388888889,0.0,10.9388888889
VICTORIA STREET,41848.9038462,44714.0769231,5265.19230769,3.28846153846,0.0,11.2134615385,0.0,11.2134615385
VICTORIA VALLEY ROAD,31180.3333333,29202.4166667,4000.0,2.0,0.0,5.27222222222,0.0,5.27222222222
VINEYARD ROAD,33407.0571429,34502.1571429,5052.0,2.11428571429,0.395714285714,7.43428571429,0.105714285714,7.93571428571
WAHGUNYAH-WANGARATTA ROAD,49910.2727273,54520.7272727,5585.0,2.0,1.33454545455,7.55272727273,1.34363636364,10.2272727273
WAHRING-MURCHISON EAST ROAD,55466.6818182,49484.0454545,5415.0,1.90909090909,2.31818181818,7.29090909091,1.85454545455,11.4636363636
WAIORA ROAD,45915.3333333,57260.3333333,5742.0,3.0,0.0,13.2833333333,0.0,13.2833333333
WALHALLA ROAD,30300.8333333,36239.1666667,4019.0,2.0,0.0,6.71666666667,0.0,6.71666666667
WALLAN-WHITTLESEA ROAD,63836.7708333,64279.3854167,5816.0,2.04166666667,0.715625,7.546875,0.773958333333,9.03645833333
WANGARATTA ROAD,34072.4012739,34606.9171975,5020.0,1.90445859873,0.730573248408,7.29299363057,0.574522292994,8.59808917197
WANGARATTA-WHITFIELD ROAD,49909.2705882,54472.4352941,5491.0,2.0,0.265882352941,7.25294117647,0.349411764706,7.86823529412
WANGARATTA-YARRAWONGA ROAD,54026.6421053,49208.4842105,5403.0,2.18947368421,0.427368421053,8.64736842105,0.242105263158,9.31684210526
WANTIRNA ROAD,54316.8064516,49309.5806452,5433.0,2.64516129032,0.0,9.99032258065,0.0,9.99032258065
WANTIRNA-SASSAFRAS ROAD,51417.3024911,59579.4199288,5783.0,2.30960854093,0.113879003559,8.1846975089,0.0,8.29857651246
WARATAH ROAD,37082.6818182,33407.2727273,4027.0,2.0,0.0454545454545,6.73636363636,0.0454545454545,6.82727272727
WARBURTON HIGHWAY,14856.9104478,3101.70149254,2100.0,2.41293532338,0.483582089552,8.95124378109,0.368656716418,9.80348258706
WARBURTON-WOODS POINT ROAD,62784.1142857,67796.9428571,5957.0,2.02857142857,0.0,6.48571428571,0.0,6.48571428571
WARNCOORT-BIRREGURRA ROAD,31315.0,33759.0,5016.0,2.0,0.255555555556,7.55555555556,0.922222222222,8.73333333333
WARRACKNABEAL-BIRCHIP ROAD,46973.5897436,44612.0769231,5269.0,2.0,0.0,6.41538461538,0.0,6.41538461538
WARRACKNABEAL-RAINBOW ROAD,47872.64,44675.24,5268.0,2.0,0.0,5.356,0.0,5.356
WARRANDYTE-KANGAROO GROUND ROAD,60913.4583333,64384.5416667,5810.0,2.08333333333,0.233333333333,8.06666666667,0.879166666667,9.17916666667
WARRIGAL HIGHWAY,14748.3883495,3109.89805825,2070.0,3.19417475728,0.0,11.0417475728,0.0,11.0417475728
WARRIGAL ROAD,64040.4583333,63807.8333333,5843.0,2.66666666667,0.0,10.8291666667,0.0,10.8291666667
WARRNAMBOOL-CARAMUT ROAD,34813.4511278,38688.8496241,5111.0,2.0,0.103007518797,6.91278195489,0.16992481203,7.18571428571
WARTOOK ROAD,27682.0,35789.0,4931.0,2.0,0.0,5.6,0.0,5.6
WATERDALE ROAD,53486.7727273,60157.5454545,5744.0,3.45454545455,0.0,13.1363636364,0.0,13.1363636364
WATTLETREE ROAD,47958.1129032,53796.8064516,5641.19354839,2.08064516129,0.129032258065,8.14838709677,0.0,8.27741935484
WAURN PONDS ROAD,63322.7619048,67656.8095238,5943.0,2.09523809524,1.2619047619,7.42380952381,1.0,9.68571428571
WAVERLEY ROAD,47298.6818182,44683.5454545,5303.0,3.16666666667,0.0,11.7772727273,0.0,11.7772727273
WAVERLEY STREET,47929.8181818,54637.3636364,5601.0,2.63636363636,0.0,11.5,0.0,11.5
WELLINGTON PDE,36759.7857143,39005.4285714,5103.0,4.71428571429,0.0,21.8928571429,0.0,21.8928571429
WELLINGTON ROAD,49616.3333333,59319.2624113,5798.0,2.12056737589,0.423404255319,7.72624113475,0.445390070922,8.5914893617
WELLINGTON ROAD HIGHWAY,14458.7246377,3132.4589372,2290.0,3.10628019324,0.110144927536,10.8516908213,0.0,10.9599033816
WELLS ROAD,50892.7333333,59389.2095238,5795.0,2.1619047619,0.480952380952,8.11238095238,0.297142857143,8.89047619048
WERRIBEE MAIN ROAD,54260.3899371,49300.7421384,5445.0,2.05660377358,0.0572327044025,7.83836477987,0.0,7.89559748428
WEST GATE FREEWAY,31179.5531915,29256.9574468,2820.0,4.09574468085,1.88617021277,15.3372340426,1.68404255319,18.8925531915
WESTALL ROAD,39415.2022472,38161.6853933,5056.0,2.8202247191,0.242696629213,10.204494382,0.251685393258,10.6988764045
WESTERN HIGHWAY,9632.21903837,13326.3788247,2520.0,2.21078193298,1.79771733851,8.24419621175,1.29732880039,11.3354055367
WESTERN LINK TOLLWAY FREEWAY,31303.6666667,28787.5,2999.0,2.0,1.81666666667,12.8,0.416666666667,15.0666666667
WESTERN PORT HIGHWAY,14815.8888889,3117.5,2230.0,2.08333333333,1.42222222222,7.67268518519,0.832407407407,9.92453703704
WESTERN RING ROAD,31194.4260355,29141.7988166,2900.0,3.47928994083,2.21656804734,11.500591716,1.95207100592,15.6704142012
WESTERNPORT ROAD,50052.5714286,54466.2040816,5707.0,2.0,0.561224489796,6.66326530612,0.397959183673,7.62244897959
WESTGARTH STREET,48568.5714286,44835.4285714,5216.0,2.57142857143,0.0,9.84285714286,0.0,9.84285714286
WHEATSHEAF ROAD,45205.3333333,57387.6666667,5726.0,2.33333333333,0.0,9.8,0.0,9.8
WHITE STREET,64520.625,66955.25,5927.0,2.5,0.0,10.2,0.0,10.2
WHITEHORSE ROAD,62486.0,67235.875,5996.0,3.0,0.0,13.9,0.0,13.9
WHITTLESEA ROAD,63924.3333333,64592.2222222,5813.0,3.77777777778,0.0,15.4111111111,0.0,15.4111111111
WHITTLESEA-KINGLAKE ROAD,50497.1923077,59440.6538462,5792.0,2.0,0.438461538462,7.33076923077,0.530769230769,8.29615384615
WHITTLESEA-YEA ROAD,51722.9243697,59680.5882353,5793.0,2.03361344538,1.03193277311,7.29327731092,0.891596638655,9.21680672269
WICKHAM-KEYS ROAD,45286.125,44881.875,5313.0,2.375,0.0,11.1625,0.0,11.1625
WILLIAMS ROAD,63092.7,67614.2,5998.0,3.6,0.0,13.31,0.0,13.31
WILLIAMSONS ROAD,47337.2962963,44763.5925926,5225.0,3.07407407407,0.0,10.7518518519,0.0,10.7518518519
WILLIAMSTOWN ROAD,63457.7768595,64325.6694215,5826.89256198,2.73553719008,0.0,9.60661157025,0.0,9.60661157025
WILLOWGROVE ROAD,48563.7692308,54822.0,5535.0,2.10256410256,0.025641025641,7.06923076923,0.025641025641,7.12051282051
WILSONS PROMONTORY ROAD,31226.9411765,29592.1176471,4001.0,1.82352941176,0.0,6.98823529412,0.0,6.98823529412
WIMMERA HIGHWAY,14428.6955381,3111.50393701,2110.0,2.0498687664,0.486351706037,7.56167979003,0.504199475066,8.55091863517
WINCHELSEA-DEANS MARSH ROAD,33888.3823529,34511.6176471,5012.0,2.0,0.0705882352941,6.85882352941,0.0,6.92941176471
WODONGA-YACKANDANDAH ROAD,54213.9491525,49316.3898305,5464.0,2.0,0.345762711864,7.02372881356,0.447457627119,7.81694915254
WOMBELANO ROAD,37524.2413793,38639.3793103,5141.0,2.0,0.0,5.03448275862,0.0,5.03448275862
WON WRON ROAD,49762.8333333,55868.5,5627.0,2.0,0.216666666667,6.53333333333,0.216666666667,6.96666666667
WOODLAND STREET,48078.0,54558.952381,5595.0,2.28571428571,0.0,9.15238095238,0.0,9.15238095238
WOODSIDE BEACH ROAD,26725.1111111,38515.1111111,4020.0,2.0,0.0,6.47777777778,0.0,6.47777777778
WOOLSTHORPE-HEYWOOD ROAD,36093.8129032,38958.1290323,5124.0,2.0,0.0232258064516,6.21935483871,0.0374193548387,6.27935483871
WY YUNG ROAD,48754.7619048,54489.3333333,5561.0,2.0,0.214285714286,8.61904761905,0.338095238095,9.16666666667
YACKANDANDAH ROAD,49853.3333333,56881.0833333,5469.0,2.0,0.0,7.8,0.0,7.8
YAN YEAN ROAD,49429.9565217,59572.6521739,5724.0,2.17391304348,0.0521739130435,8.80434782609,0.0521739130435,8.90869565217
YARRA BANK HIGHWAY,15371.6774194,2821.19354839,2240.0,3.09677419355,0.0,10.0161290323,0.0,10.0161290323
YARRA BLVD,32067.9565217,34594.173913,4036.0,2.04347826087,0.0,8.98695652174,0.0,8.98695652174
YARRA GLEN BYPASS HIGHWAY,15877.0,2844.16666667,2301.0,3.66666666667,0.666666666667,14.05,1.33333333333,16.0666666667
YARRA JUNCTION-NOOJEE ROAD,49424.9333333,54572.8166667,5525.0,2.03333333333,0.175,7.39,0.158333333333,7.72333333333
YARRAM-PORT ALBERT ROAD,48189.1764706,54627.8823529,5626.0,2.0,0.0,8.95294117647,0.0,8.95294117647
YORK ROAD,49540.1785714,59269.8928571,5769.0,2.82142857143,0.0,10.2071428571,0.0,10.2071428571
